corrida,latencia_espacios_ms,deadline_ms,status,duracion_ms
1,0,500,200,62.1
1,0,500,200,63.5
1,0,500,200,77.5
1,0,500,200,66.6
1,0,500,200,56.2
1,0,500,200,54.4
1,0,500,200,85.3
1,0,500,200,100.1
1,0,500,200,135.3
1,0,500,200,47.6
1,0,500,200,113.0
1,0,500,200,55.1
1,0,500,200,47.8
1,0,500,200,109.0
1,0,500,200,40.7
1,0,500,200,40.5
1,0,500,200,38.1
1,0,500,200,32.8
1,0,500,200,195.5
1,0,500,200,138.6
1,0,500,200,36.9
1,0,500,200,41.7
1,0,500,200,38.2
1,0,500,200,198.0
1,0,500,200,39.6
1,0,500,200,37.7
1,0,500,200,32.9
1,0,500,200,32.0
1,0,500,200,63.7
1,0,500,200,31.8
1,0,500,200,115.2
1,0,500,200,41.2
1,0,500,200,34.8
1,0,500,200,48.7
1,0,500,200,33.2
1,0,500,200,235.2
1,0,500,200,30.1
1,0,500,200,50.2
1,0,500,200,100.5
1,0,500,200,59.3
1,0,500,200,33.8
1,0,500,200,203.2
1,0,500,200,32.5
1,0,500,200,71.6
1,0,500,200,26.3
1,0,500,200,70.4
1,0,500,200,26.1
1,0,500,200,40.8
1,0,500,200,33.0
1,0,500,200,30.0
1,0,500,200,81.6
1,0,500,200,38.6
1,0,500,200,35.7
1,0,500,200,88.9
1,0,500,200,42.2
1,0,500,200,39.2
1,0,500,200,43.2
1,0,500,200,157.7
1,0,500,200,45.0
1,0,500,200,39.8
1,0,500,200,39.7
1,0,500,200,33.4
1,0,500,200,40.3
1,0,500,200,313.9
1,0,500,200,36.5
1,0,500,200,51.9
1,0,500,200,38.0
1,0,500,200,50.5
1,0,500,200,32.9
1,0,500,200,258.1
1,0,500,200,30.1
1,0,500,200,29.1
1,0,500,200,71.2
1,0,500,200,39.8
1,0,500,200,43.0
1,0,500,200,98.9
1,0,500,200,56.9
1,0,500,200,56.5
1,0,500,200,64.8
1,0,500,200,66.9
1,0,500,200,67.2
1,0,500,200,159.1
1,0,500,200,65.7
1,0,500,200,71.6
1,0,500,200,177.4
1,0,500,200,72.0
1,0,500,200,79.0
1,0,500,200,66.5
1,0,500,200,59.4
1,0,500,200,57.6
1,0,500,200,53.2
1,0,500,200,71.5
1,0,500,200,44.6
1,0,500,200,38.0
1,0,500,200,46.8
1,0,500,200,37.4
1,0,500,200,58.4
1,0,500,200,37.9
1,0,500,200,65.7
1,0,500,200,278.1
1,0,500,200,44.1
1,0,500,200,34.6
1,0,500,200,35.4
1,0,500,200,67.6
1,0,500,200,62.2
1,0,500,200,28.7
1,0,500,200,38.9
1,0,500,200,40.2
1,0,500,200,71.8
1,0,500,200,64.1
1,0,500,200,45.4
1,0,500,200,64.9
1,0,500,200,38.4
1,0,500,200,125.3
1,0,500,200,65.6
1,0,500,200,28.1
1,0,500,200,32.3
1,0,500,200,34.0
1,0,500,200,177.3
1,0,500,200,35.8
1,0,500,200,35.2
1,0,500,200,36.7
1,0,500,200,37.3
1,0,500,200,36.3
1,0,500,200,33.0
1,0,500,200,32.9
1,0,500,200,31.6
1,0,500,200,32.7
1,0,500,200,27.6
1,0,500,200,40.1
1,0,500,200,37.7
1,0,500,200,41.2
1,0,500,200,50.3
1,0,500,200,49.1
1,0,500,200,168.5
1,0,500,200,47.3
1,0,500,200,196.1
1,0,500,200,36.7
1,0,500,200,65.1
1,0,500,200,28.2
1,0,500,200,77.1
1,0,500,200,37.8
1,0,500,200,32.5
1,0,500,200,278.7
1,0,500,200,37.2
1,0,500,200,35.8
1,0,500,200,391.3
1,0,500,200,41.5
1,0,500,200,35.7
1,0,500,200,36.2
1,0,500,200,30.2
1,0,500,200,103.5
1,0,500,200,38.9
1,0,500,200,38.8
1,0,500,200,170.1
1,0,500,200,32.0
1,0,500,200,31.5
1,0,500,200,37.4
1,0,500,200,31.9
1,0,500,200,160.9
1,0,500,200,47.4
1,0,500,200,64.6
1,0,500,200,50.3
1,0,500,200,50.1
1,0,500,200,83.0
1,0,500,200,42.5
1,0,500,200,80.9
1,0,500,200,39.3
1,0,500,200,43.7
1,0,500,200,40.2
1,0,500,200,116.7
1,0,500,200,35.9
1,0,500,200,40.4
1,0,500,200,124.1
1,0,500,200,35.9
1,0,500,200,34.0
1,0,500,200,33.0
1,0,500,200,33.9
1,0,500,200,34.2
1,0,500,200,53.0
1,0,500,200,45.3
1,0,500,200,51.4
1,0,500,200,47.9
1,0,500,200,45.5
1,0,500,200,85.2
1,0,500,200,51.2
1,0,500,200,52.7
1,0,500,200,52.8
1,0,500,200,48.7
1,0,500,200,230.5
1,0,500,200,266.1
1,0,500,200,51.2
1,0,500,200,47.7
1,0,500,200,46.0
1,0,500,200,202.4
1,0,500,200,46.6
1,0,500,200,189.7
1,0,500,200,96.7
1,0,500,200,129.5
1,0,500,200,114.6
2,0,500,200,38.0
2,0,500,200,63.9
2,0,500,200,36.8
2,0,500,200,50.8
2,0,500,200,64.9
2,0,500,200,64.2
2,0,500,200,69.4
2,0,500,200,54.9
2,0,500,200,47.9
2,0,500,200,144.3
2,0,500,200,43.3
2,0,500,200,51.7
2,0,500,200,167.2
2,0,500,200,49.5
2,0,500,200,47.1
2,0,500,200,46.6
2,0,500,200,165.6
2,0,500,200,45.0
2,0,500,200,47.3
2,0,500,200,52.3
2,0,500,200,39.6
2,0,500,200,40.6
2,0,500,200,65.0
2,0,500,200,44.7
2,0,500,200,38.9
2,0,500,200,55.5
2,0,500,200,37.0
2,0,500,200,33.3
2,0,500,200,106.4
2,0,500,200,27.5
2,0,500,200,124.6
2,0,500,200,30.4
2,0,500,200,30.3
2,0,500,200,34.4
2,0,500,200,31.6
2,0,500,200,70.0
2,0,500,200,34.3
2,0,500,200,29.5
2,0,500,200,34.5
2,0,500,200,111.1
2,0,500,200,33.2
2,0,500,200,33.3
2,0,500,200,39.9
2,0,500,200,107.3
2,0,500,200,46.9
2,0,500,200,53.7
2,0,500,200,54.7
2,0,500,200,65.1
2,0,500,200,57.9
2,0,500,200,82.8
2,0,500,200,48.0
2,0,500,200,96.7
2,0,500,200,48.0
2,0,500,200,42.9
2,0,500,200,83.0
2,0,500,200,40.8
2,0,500,200,39.8
2,0,500,200,42.8
2,0,500,200,43.9
2,0,500,200,118.3
2,0,500,200,44.0
2,0,500,200,36.6
2,0,500,200,256.5
2,0,500,200,41.0
2,0,500,200,54.5
2,0,500,200,155.9
2,0,500,200,46.3
2,0,500,200,41.7
2,0,500,200,47.7
2,0,500,200,55.1
2,0,500,200,44.2
2,0,500,200,41.4
2,0,500,200,54.3
2,0,500,200,31.9
2,0,500,200,31.0
2,0,500,200,54.9
2,0,500,200,28.3
2,0,500,200,46.6
2,0,500,200,30.0
2,0,500,200,91.3
2,0,500,200,32.1
2,0,500,200,31.9
2,0,500,200,75.4
2,0,500,200,32.3
2,0,500,200,33.3
2,0,500,200,72.9
2,0,500,200,33.2
2,0,500,200,29.7
2,0,500,200,32.7
2,0,500,200,308.7
2,0,500,200,36.0
2,0,500,200,40.3
2,0,500,200,39.1
2,0,500,200,114.7
2,0,500,200,43.2
2,0,500,200,42.9
2,0,500,200,42.2
2,0,500,200,56.7
2,0,500,200,35.4
2,0,500,200,56.1
2,0,500,200,34.1
2,0,500,200,55.4
2,0,500,200,32.4
2,0,500,200,31.9
2,0,500,200,61.2
2,0,500,200,30.0
2,0,500,200,29.8
2,0,500,200,102.3
2,0,500,200,29.7
2,0,500,200,32.6
2,0,500,200,30.9
2,0,500,200,237.3
2,0,500,200,34.9
2,0,500,200,33.7
2,0,500,200,33.2
2,0,500,200,130.5
2,0,500,200,34.8
2,0,500,200,35.0
2,0,500,200,34.7
2,0,500,200,46.8
2,0,500,200,38.1
2,0,500,200,38.4
2,0,500,200,56.3
2,0,500,200,35.3
2,0,500,200,34.6
2,0,500,200,50.3
2,0,500,200,36.3
2,0,500,200,37.0
2,0,500,200,37.8
2,0,500,200,30.7
2,0,500,200,28.9
2,0,500,200,33.7
2,0,500,200,95.5
2,0,500,200,80.9
2,0,500,200,34.2
2,0,500,200,35.8
2,0,500,200,33.8
2,0,500,200,34.8
2,0,500,200,38.8
2,0,500,200,56.0
2,0,500,200,244.7
2,0,500,200,49.5
2,0,500,200,56.7
2,0,500,200,55.7
2,0,500,200,53.4
2,0,500,200,102.7
2,0,500,200,53.5
2,0,500,200,45.5
2,0,500,200,40.9
2,0,500,200,40.0
2,0,500,200,35.4
2,0,500,200,138.4
2,0,500,200,37.9
2,0,500,200,42.3
2,0,500,200,39.6
2,0,500,200,40.2
2,0,500,200,39.8
2,0,500,200,160.0
2,0,500,200,35.3
2,0,500,200,35.5
2,0,500,200,133.4
2,0,500,200,42.1
2,0,500,200,35.8
2,0,500,200,39.5
2,0,500,200,36.8
2,0,500,200,47.4
2,0,500,200,122.0
2,0,500,200,49.9
2,0,500,200,55.9
2,0,500,200,234.2
2,0,500,200,50.7
2,0,500,200,62.1
2,0,500,200,58.9
2,0,500,200,56.6
2,0,500,200,48.0
2,0,500,200,41.4
2,0,500,200,59.1
2,0,500,200,39.1
2,0,500,200,30.4
2,0,500,200,30.3
2,0,500,200,31.5
2,0,500,200,59.9
2,0,500,200,37.3
2,0,500,200,68.3
2,0,500,200,42.1
2,0,500,200,41.1
2,0,500,200,44.0
2,0,500,200,47.4
2,0,500,200,144.8
2,0,500,200,41.4
2,0,500,200,51.7
2,0,500,200,50.0
2,0,500,200,30.7
2,0,500,200,31.1
2,0,500,200,28.2
2,0,500,200,20.2
2,0,500,200,28.8
2,0,500,200,51.6
2,0,500,200,47.4
2,0,500,200,150.2
3,0,500,200,49.9
3,0,500,200,37.2
3,0,500,200,47.0
3,0,500,200,29.8
3,0,500,200,30.7
3,0,500,200,119.2
3,0,500,200,32.8
3,0,500,200,36.5
3,0,500,200,36.0
3,0,500,200,37.5
3,0,500,200,30.7
3,0,500,200,30.3
3,0,500,200,103.5
3,0,500,200,34.6
3,0,500,200,165.6
3,0,500,200,39.5
3,0,500,200,52.7
3,0,500,200,48.7
3,0,500,200,63.7
3,0,500,200,56.3
3,0,500,200,55.7
3,0,500,200,61.6
3,0,500,200,48.2
3,0,500,200,46.5
3,0,500,200,45.3
3,0,500,200,48.7
3,0,500,200,44.5
3,0,500,200,42.1
3,0,500,200,36.3
3,0,500,200,34.8
3,0,500,200,32.2
3,0,500,200,185.1
3,0,500,200,312.9
3,0,500,200,37.5
3,0,500,200,36.7
3,0,500,200,371.3
3,0,500,200,37.0
3,0,500,200,35.6
3,0,500,200,33.3
3,0,500,200,34.8
3,0,500,200,35.0
3,0,500,200,36.6
3,0,500,200,106.8
3,0,500,200,122.8
3,0,500,200,32.6
3,0,500,200,29.9
3,0,500,200,30.0
3,0,500,200,39.2
3,0,500,200,39.9
3,0,500,200,45.8
3,0,500,200,47.2
3,0,500,200,43.5
3,0,500,200,112.7
3,0,500,200,40.0
3,0,500,200,200.6
3,0,500,200,36.8
3,0,500,200,34.3
3,0,500,200,33.6
3,0,500,200,30.6
3,0,500,200,25.2
3,0,500,200,56.6
3,0,500,200,32.0
3,0,500,200,405.3
3,0,500,200,28.8
3,0,500,200,356.5
3,0,500,200,39.3
3,0,500,200,31.1
3,0,500,200,54.0
3,0,500,200,49.5
3,0,500,200,85.6
3,0,500,200,59.1
3,0,500,200,57.3
3,0,500,200,172.4
3,0,500,200,47.0
3,0,500,200,43.0
3,0,500,200,100.7
3,0,500,200,46.1
3,0,500,200,39.8
3,0,500,200,39.2
3,0,500,200,105.1
3,0,500,200,37.0
3,0,500,200,39.0
3,0,500,200,39.5
3,0,500,200,149.6
3,0,500,200,44.3
3,0,500,200,33.6
3,0,500,200,37.0
3,0,500,200,42.1
3,0,500,200,46.0
3,0,500,200,47.3
3,0,500,200,47.0
3,0,500,200,47.4
3,0,500,200,48.6
3,0,500,200,54.8
3,0,500,200,51.1
3,0,500,200,63.3
3,0,500,200,40.0
3,0,500,200,67.7
3,0,500,200,38.5
3,0,500,200,60.7
3,0,500,200,39.3
3,0,500,200,38.6
3,0,500,200,112.6
3,0,500,200,33.1
3,0,500,200,33.9
3,0,500,200,121.4
3,0,500,200,49.8
3,0,500,200,49.6
3,0,500,200,48.3
3,0,500,200,50.8
3,0,500,200,62.8
3,0,500,200,159.7
3,0,500,200,61.8
3,0,500,200,152.8
3,0,500,200,49.4
3,0,500,200,60.0
3,0,500,200,56.2
3,0,500,200,61.3
3,0,500,200,528.1
3,0,500,200,40.8
3,0,500,200,57.8
3,0,500,200,63.6
3,0,500,200,44.7
3,0,500,200,69.6
3,0,500,200,53.9
3,0,500,200,77.0
3,0,500,200,54.5
3,0,500,200,80.8
3,0,500,200,56.4
3,0,500,200,55.1
3,0,500,200,124.8
3,0,500,200,61.9
3,0,500,200,63.0
3,0,500,200,186.6
3,0,500,200,75.8
3,0,500,200,79.6
3,0,500,200,78.7
3,0,500,200,216.6
3,0,500,200,76.8
3,0,500,200,74.4
3,0,500,200,68.7
3,0,500,200,42.6
3,0,500,200,54.4
3,0,500,200,61.4
3,0,500,200,246.6
3,0,500,200,46.4
3,0,500,200,281.7
3,0,500,200,45.4
3,0,500,200,41.6
3,0,500,200,39.5
3,0,500,200,48.4
3,0,500,200,43.6
3,0,500,200,34.6
3,0,500,200,53.8
3,0,500,200,34.8
3,0,500,200,34.3
3,0,500,200,64.7
3,0,500,200,31.6
3,0,500,200,31.6
3,0,500,200,66.1
3,0,500,200,33.0
3,0,500,200,34.5
3,0,500,200,36.7
3,0,500,200,100.1
3,0,500,200,35.3
3,0,500,200,41.5
3,0,500,200,47.6
3,0,500,200,115.8
3,0,500,200,39.0
3,0,500,200,37.2
3,0,500,200,45.4
3,0,500,200,49.1
3,0,500,200,37.1
3,0,500,200,122.2
3,0,500,200,40.1
3,0,500,200,43.6
3,0,500,200,29.5
3,0,500,200,44.0
3,0,500,200,25.9
3,0,500,200,44.0
3,0,500,200,32.5
3,0,500,200,31.9
3,0,500,200,72.0
3,0,500,200,35.3
3,0,500,200,34.3
3,0,500,200,109.0
3,0,500,200,40.3
3,0,500,200,39.5
3,0,500,200,38.0
3,0,500,200,31.1
3,0,500,200,35.4
3,0,500,200,114.0
3,0,500,200,35.1
3,0,500,200,103.7
3,0,500,200,28.9
3,0,500,200,27.1
3,0,500,200,35.4
3,0,500,200,33.2
3,0,500,200,25.3
3,0,500,200,130.1
1,250,500,200,272.8
1,250,500,200,281.0
1,250,500,200,295.0
1,250,500,200,285.7
1,250,500,200,297.1
1,250,500,200,330.9
1,250,500,200,306.8
1,250,500,200,324.7
1,250,500,200,300.4
1,250,500,200,315.2
1,250,500,200,261.4
1,250,500,200,270.0
1,250,500,200,268.4
1,250,500,200,267.3
1,250,500,200,274.7
1,250,500,200,277.8
1,250,500,200,278.0
1,250,500,200,280.1
1,250,500,200,284.9
1,250,500,200,287.6
1,250,500,200,281.9
1,250,500,200,275.1
1,250,500,200,268.7
1,250,500,200,270.8
1,250,500,200,270.6
1,250,500,200,278.9
1,250,500,200,285.6
1,250,500,200,274.8
1,250,500,200,290.3
1,250,500,200,307.0
1,250,500,200,271.5
1,250,500,200,273.6
1,250,500,200,277.1
1,250,500,200,285.2
1,250,500,200,272.4
1,250,500,200,260.6
1,250,500,200,263.9
1,250,500,200,266.6
1,250,500,200,268.6
1,250,500,200,268.2
1,250,500,200,269.4
1,250,500,200,288.1
1,250,500,200,287.3
1,250,500,200,280.5
1,250,500,200,280.6
1,250,500,200,274.3
1,250,500,200,265.3
1,250,500,200,269.2
1,250,500,200,266.1
1,250,500,200,277.5
1,250,500,200,271.5
1,250,500,200,275.4
1,250,500,200,269.5
1,250,500,200,273.7
1,250,500,200,280.5
1,250,500,200,287.2
1,250,500,200,284.2
1,250,500,200,281.1
1,250,500,200,287.2
1,250,500,200,284.3
1,250,500,200,271.0
1,250,500,200,269.7
1,250,500,200,277.7
1,250,500,200,283.8
1,250,500,200,284.7
1,250,500,200,288.5
1,250,500,200,297.4
1,250,500,200,277.7
1,250,500,200,290.8
1,250,500,200,307.7
1,250,500,200,271.1
1,250,500,200,272.4
1,250,500,200,268.4
1,250,500,200,268.7
1,250,500,200,266.3
1,250,500,200,259.4
1,250,500,200,270.3
1,250,500,200,275.6
1,250,500,200,273.4
1,250,500,200,278.2
1,250,500,200,261.1
1,250,500,200,265.8
1,250,500,200,265.3
1,250,500,200,264.0
1,250,500,200,265.1
1,250,500,200,264.2
1,250,500,200,259.3
1,250,500,200,261.2
1,250,500,200,260.9
1,250,500,200,261.7
1,250,500,200,274.7
1,250,500,200,274.3
1,250,500,200,271.6
1,250,500,200,271.5
1,250,500,200,267.0
1,250,500,200,271.4
1,250,500,200,260.5
1,250,500,200,266.0
1,250,500,200,272.7
1,250,500,200,275.9
1,250,500,200,281.6
1,250,500,200,275.4
1,250,500,200,267.3
1,250,500,200,274.6
1,250,500,200,290.3
1,250,500,200,292.6
1,250,500,200,286.7
1,250,500,200,281.6
1,250,500,200,280.4
1,250,500,200,278.3
1,250,500,200,267.6
1,250,500,200,259.9
1,250,500,200,260.7
1,250,500,200,285.6
1,250,500,200,271.9
1,250,500,200,274.0
1,250,500,200,276.7
1,250,500,200,271.7
1,250,500,200,271.9
1,250,500,200,271.4
1,250,500,200,264.0
1,250,500,200,262.3
1,250,500,200,268.8
1,250,500,200,259.0
1,250,500,200,265.0
1,250,500,200,262.7
1,250,500,200,261.4
1,250,500,200,261.8
1,250,500,200,273.2
1,250,500,200,276.4
1,250,500,200,279.0
1,250,500,200,269.1
1,250,500,200,262.5
1,250,500,200,259.5
1,250,500,200,263.2
1,250,500,200,259.5
1,250,500,200,261.1
1,250,500,200,260.0
1,250,500,200,273.6
1,250,500,200,274.6
1,250,500,200,264.1
1,250,500,200,263.1
1,250,500,200,262.1
1,250,500,200,262.5
1,250,500,200,260.0
1,250,500,200,265.1
1,250,500,200,264.9
1,250,500,200,261.1
1,250,500,200,279.5
1,250,500,200,287.9
1,250,500,200,260.8
1,250,500,200,265.8
1,250,500,200,268.9
1,250,500,200,262.8
1,250,500,200,263.3
1,250,500,200,262.9
1,250,500,200,260.6
1,250,500,200,259.3
1,250,500,200,293.9
1,250,500,200,294.9
1,250,500,200,267.2
1,250,500,200,264.3
1,250,500,200,274.4
1,250,500,200,263.5
1,250,500,200,269.8
1,250,500,200,276.5
1,250,500,200,282.3
1,250,500,200,288.7
1,250,500,200,280.7
1,250,500,200,273.6
1,250,500,200,270.7
1,250,500,200,268.3
1,250,500,200,268.6
1,250,500,200,267.8
1,250,500,200,284.3
1,250,500,200,278.6
1,250,500,200,283.9
1,250,500,200,274.1
1,250,500,200,269.5
1,250,500,200,273.8
1,250,500,200,277.0
1,250,500,200,270.5
1,250,500,200,269.7
1,250,500,200,262.1
1,250,500,200,274.6
1,250,500,200,268.5
1,250,500,200,265.9
1,250,500,200,264.9
1,250,500,200,264.9
1,250,500,200,264.5
1,250,500,200,273.8
1,250,500,200,270.9
1,250,500,200,269.0
1,250,500,200,267.2
1,250,500,200,267.8
1,250,500,200,264.9
1,250,500,200,259.3
1,250,500,200,264.6
1,250,500,200,276.4
1,250,500,200,267.5
2,250,500,200,279.0
2,250,500,200,282.7
2,250,500,200,286.0
2,250,500,200,285.8
2,250,500,200,288.2
2,250,500,200,292.8
2,250,500,200,294.2
2,250,500,200,280.2
2,250,500,200,293.1
2,250,500,200,286.6
2,250,500,200,282.4
2,250,500,200,278.8
2,250,500,200,278.9
2,250,500,200,281.2
2,250,500,200,270.9
2,250,500,200,288.3
2,250,500,200,268.4
2,250,500,200,273.0
2,250,500,200,271.5
2,250,500,200,270.1
2,250,500,200,271.9
2,250,500,200,272.3
2,250,500,200,271.5
2,250,500,200,272.3
2,250,500,200,275.6
2,250,500,200,286.2
2,250,500,200,288.2
2,250,500,200,283.9
2,250,500,200,287.6
2,250,500,200,287.8
2,250,500,200,266.0
2,250,500,200,274.2
2,250,500,200,275.2
2,250,500,200,283.6
2,250,500,200,276.1
2,250,500,200,275.3
2,250,500,200,281.9
2,250,500,200,276.9
2,250,500,200,277.8
2,250,500,200,293.3
2,250,500,200,267.1
2,250,500,200,264.5
2,250,500,200,267.2
2,250,500,200,266.2
2,250,500,200,264.9
2,250,500,200,271.3
2,250,500,200,265.6
2,250,500,200,272.5
2,250,500,200,275.7
2,250,500,200,273.9
2,250,500,200,268.7
2,250,500,200,263.7
2,250,500,200,271.5
2,250,500,200,275.2
2,250,500,200,276.1
2,250,500,200,271.0
2,250,500,200,268.6
2,250,500,200,266.7
2,250,500,200,266.1
2,250,500,200,267.6
2,250,500,200,274.6
2,250,500,200,267.1
2,250,500,200,275.2
2,250,500,200,271.6
2,250,500,200,275.8
2,250,500,200,266.3
2,250,500,200,267.9
2,250,500,200,265.5
2,250,500,200,266.1
2,250,500,200,266.2
2,250,500,200,268.6
2,250,500,200,268.4
2,250,500,200,265.5
2,250,500,200,262.6
2,250,500,200,263.4
2,250,500,200,264.0
2,250,500,200,261.6
2,250,500,200,264.3
2,250,500,200,262.1
2,250,500,200,263.3
2,250,500,200,268.8
2,250,500,200,271.0
2,250,500,200,270.2
2,250,500,200,267.1
2,250,500,200,265.1
2,250,500,200,268.3
2,250,500,200,269.2
2,250,500,200,264.4
2,250,500,200,267.0
2,250,500,200,266.6
2,250,500,200,271.4
2,250,500,200,262.5
2,250,500,200,278.1
2,250,500,200,285.3
2,250,500,200,287.1
2,250,500,200,295.0
2,250,500,200,298.6
2,250,500,200,295.9
2,250,500,200,294.7
2,250,500,200,297.9
2,250,500,200,263.0
2,250,500,200,265.2
2,250,500,200,281.0
2,250,500,200,277.3
2,250,500,200,277.5
2,250,500,200,281.7
2,250,500,200,275.8
2,250,500,200,269.5
2,250,500,200,291.5
2,250,500,200,296.6
2,250,500,200,269.4
2,250,500,200,267.5
2,250,500,200,261.8
2,250,500,200,261.5
2,250,500,200,261.5
2,250,500,200,260.1
2,250,500,200,260.3
2,250,500,200,261.8
2,250,500,200,261.3
2,250,500,200,261.7
2,250,500,200,268.6
2,250,500,200,270.9
2,250,500,200,266.0
2,250,500,200,262.6
2,250,500,200,265.9
2,250,500,200,268.7
2,250,500,200,269.6
2,250,500,200,273.6
2,250,500,200,270.7
2,250,500,200,271.2
2,250,500,200,271.1
2,250,500,200,272.6
2,250,500,200,263.1
2,250,500,200,272.0
2,250,500,200,270.2
2,250,500,200,269.8
2,250,500,200,275.6
2,250,500,200,276.6
2,250,500,200,278.3
2,250,500,200,287.2
2,250,500,200,274.4
2,250,500,200,283.1
2,250,500,200,277.6
2,250,500,200,277.4
2,250,500,200,268.1
2,250,500,200,273.1
2,250,500,200,268.2
2,250,500,200,271.5
2,250,500,200,273.3
2,250,500,200,276.8
2,250,500,200,285.3
2,250,500,200,277.4
2,250,500,200,269.3
2,250,500,200,266.2
2,250,500,200,266.9
2,250,500,200,265.0
2,250,500,200,260.7
2,250,500,200,260.1
2,250,500,200,267.0
2,250,500,200,261.4
2,250,500,200,267.6
2,250,500,200,279.4
2,250,500,200,274.3
2,250,500,200,272.1
2,250,500,200,270.7
2,250,500,200,263.5
2,250,500,200,262.3
2,250,500,200,260.0
2,250,500,200,263.5
2,250,500,200,269.1
2,250,500,200,281.4
2,250,500,200,275.8
2,250,500,200,275.5
2,250,500,200,274.0
2,250,500,200,277.5
2,250,500,200,271.6
2,250,500,200,275.1
2,250,500,200,272.2
2,250,500,200,266.4
2,250,500,200,264.9
2,250,500,200,275.9
2,250,500,200,274.2
2,250,500,200,281.6
2,250,500,200,276.7
2,250,500,200,275.5
2,250,500,200,276.2
2,250,500,200,272.9
2,250,500,200,271.1
2,250,500,200,263.8
2,250,500,200,261.4
2,250,500,200,273.4
2,250,500,200,273.0
2,250,500,200,268.7
2,250,500,200,268.4
2,250,500,200,270.9
2,250,500,200,268.2
2,250,500,200,269.2
2,250,500,200,278.9
2,250,500,200,269.2
2,250,500,200,266.3
3,250,500,200,267.4
3,250,500,200,265.7
3,250,500,200,271.1
3,250,500,200,279.4
3,250,500,200,283.0
3,250,500,200,290.8
3,250,500,200,295.0
3,250,500,200,299.7
3,250,500,200,322.6
3,250,500,200,309.9
3,250,500,200,276.1
3,250,500,200,272.8
3,250,500,200,267.7
3,250,500,200,268.9
3,250,500,200,260.9
3,250,500,200,278.1
3,250,500,200,275.1
3,250,500,200,279.1
3,250,500,200,279.3
3,250,500,200,280.7
3,250,500,200,276.8
3,250,500,200,284.2
3,250,500,200,283.8
3,250,500,200,273.7
3,250,500,200,279.8
3,250,500,200,264.2
3,250,500,200,273.5
3,250,500,200,270.2
3,250,500,200,267.6
3,250,500,200,267.5
3,250,500,200,273.4
3,250,500,200,279.2
3,250,500,200,281.6
3,250,500,200,287.1
3,250,500,200,286.9
3,250,500,200,277.6
3,250,500,200,269.8
3,250,500,200,261.4
3,250,500,200,262.9
3,250,500,200,269.2
3,250,500,200,272.9
3,250,500,200,266.8
3,250,500,200,268.1
3,250,500,200,273.4
3,250,500,200,270.2
3,250,500,200,271.3
3,250,500,200,260.8
3,250,500,200,267.5
3,250,500,200,273.1
3,250,500,200,277.6
3,250,500,200,276.5
3,250,500,200,274.7
3,250,500,200,274.6
3,250,500,200,263.0
3,250,500,200,260.8
3,250,500,200,264.3
3,250,500,200,265.3
3,250,500,200,268.8
3,250,500,200,265.2
3,250,500,200,261.1
3,250,500,200,278.9
3,250,500,200,286.6
3,250,500,200,299.3
3,250,500,200,297.6
3,250,500,200,296.7
3,250,500,200,306.0
3,250,500,200,304.2
3,250,500,200,292.8
3,250,500,200,292.7
3,250,500,200,294.1
3,250,500,200,276.6
3,250,500,200,289.7
3,250,500,200,300.5
3,250,500,200,297.9
3,250,500,200,290.1
3,250,500,200,290.7
3,250,500,200,294.1
3,250,500,200,323.6
3,250,500,200,324.7
3,250,500,200,353.4
3,250,500,200,269.8
3,250,500,200,268.8
3,250,500,200,266.1
3,250,500,200,269.5
3,250,500,200,276.1
3,250,500,200,280.0
3,250,500,200,287.4
3,250,500,200,292.8
3,250,500,200,293.0
3,250,500,200,300.5
3,250,500,200,264.2
3,250,500,200,260.8
3,250,500,200,271.0
3,250,500,200,266.4
3,250,500,200,264.5
3,250,500,200,275.2
3,250,500,200,273.5
3,250,500,200,285.4
3,250,500,200,290.2
3,250,500,200,292.2
3,250,500,200,261.8
3,250,500,200,262.7
3,250,500,200,267.2
3,250,500,200,264.4
3,250,500,200,265.4
3,250,500,200,262.6
3,250,500,200,264.6
3,250,500,200,277.5
3,250,500,200,275.2
3,250,500,200,283.3
3,250,500,200,265.0
3,250,500,200,264.5
3,250,500,200,271.3
3,250,500,200,271.5
3,250,500,200,268.4
3,250,500,200,274.3
3,250,500,200,282.9
3,250,500,200,282.9
3,250,500,200,284.7
3,250,500,200,284.9
3,250,500,200,265.7
3,250,500,200,266.8
3,250,500,200,265.1
3,250,500,200,266.1
3,250,500,200,273.0
3,250,500,200,270.9
3,250,500,200,272.0
3,250,500,200,274.4
3,250,500,200,271.3
3,250,500,200,270.3
3,250,500,200,266.1
3,250,500,200,265.1
3,250,500,200,277.8
3,250,500,200,281.7
3,250,500,200,275.2
3,250,500,200,259.0
3,250,500,200,274.4
3,250,500,200,268.8
3,250,500,200,273.4
3,250,500,200,285.5
3,250,500,200,268.9
3,250,500,200,267.7
3,250,500,200,288.5
3,250,500,200,289.4
3,250,500,200,272.7
3,250,500,200,277.5
3,250,500,200,264.1
3,250,500,200,284.9
3,250,500,200,273.1
3,250,500,200,276.0
3,250,500,200,274.7
3,250,500,200,266.9
3,250,500,200,275.0
3,250,500,200,277.7
3,250,500,200,279.2
3,250,500,200,275.6
3,250,500,200,266.0
3,250,500,200,285.2
3,250,500,200,290.2
3,250,500,200,287.7
3,250,500,200,276.0
3,250,500,200,262.7
3,250,500,200,282.9
3,250,500,200,280.1
3,250,500,200,275.5
3,250,500,200,270.6
3,250,500,200,264.3
3,250,500,200,274.5
3,250,500,200,274.0
3,250,500,200,265.4
3,250,500,200,280.2
3,250,500,200,276.2
3,250,500,200,276.3
3,250,500,200,278.8
3,250,500,200,289.6
3,250,500,200,292.0
3,250,500,200,288.7
3,250,500,200,263.2
3,250,500,200,268.9
3,250,500,200,268.0
3,250,500,200,271.7
3,250,500,200,285.8
3,250,500,200,278.9
3,250,500,200,283.0
3,250,500,200,278.1
3,250,500,200,277.2
3,250,500,200,297.3
3,250,500,200,266.0
3,250,500,200,267.3
3,250,500,200,269.5
3,250,500,200,270.9
3,250,500,200,266.3
3,250,500,200,271.4
3,250,500,200,276.3
3,250,500,200,286.2
3,250,500,200,280.0
3,250,500,200,271.8
3,250,500,200,268.5
3,250,500,200,270.8
3,250,500,200,269.7
1,500,500,504,515.8
1,500,500,504,523.7
1,500,500,504,535.2
1,500,500,504,573.2
1,500,500,504,548.8
1,500,500,504,549.3
1,500,500,504,572.4
1,500,500,504,602.2
1,500,500,504,574.5
1,500,500,504,593.2
1,500,500,504,512.1
1,500,500,504,514.5
1,500,500,504,511.5
1,500,500,504,515.4
1,500,500,504,515.2
1,500,500,504,511.3
1,500,500,504,521.8
1,500,500,504,518.8
1,500,500,504,524.4
1,500,500,504,517.9
1,500,500,504,515.8
1,500,500,504,515.9
1,500,500,504,511.5
1,500,500,504,511.8
1,500,500,504,515.0
1,500,500,504,530.7
1,500,500,504,522.7
1,500,500,504,545.2
1,500,500,504,541.8
1,500,500,504,545.4
1,500,500,504,517.0
1,500,500,504,515.7
1,500,500,504,512.4
1,500,500,504,513.5
1,500,500,504,508.8
1,500,500,504,511.2
1,500,500,504,537.5
1,500,500,504,539.1
1,500,500,504,533.4
1,500,500,504,544.8
1,500,500,504,512.3
1,500,500,504,518.6
1,500,500,504,523.2
1,500,500,504,513.3
1,500,500,504,513.4
1,500,500,504,514.7
1,500,500,504,513.6
1,500,500,504,513.8
1,500,500,504,518.9
1,500,500,504,517.6
1,500,500,504,515.5
1,500,500,504,528.1
1,500,500,504,524.1
1,500,500,504,517.4
1,500,500,504,516.8
1,500,500,504,510.8
1,500,500,504,519.3
1,500,500,504,517.0
1,500,500,504,514.4
1,500,500,504,520.2
1,500,500,504,518.9
1,500,500,504,520.4
1,500,500,504,514.5
1,500,500,504,515.4
1,500,500,504,522.6
1,500,500,504,509.9
1,500,500,504,514.9
1,500,500,504,515.3
1,500,500,504,518.7
1,500,500,504,522.9
1,500,500,504,515.7
1,500,500,504,511.3
1,500,500,504,519.4
1,500,500,504,514.6
1,500,500,504,520.2
1,500,500,504,510.8
1,500,500,504,512.1
1,500,500,504,514.1
1,500,500,504,517.7
1,500,500,504,534.9
1,500,500,504,519.7
1,500,500,504,517.1
1,500,500,504,526.0
1,500,500,504,522.4
1,500,500,504,534.3
1,500,500,504,533.3
1,500,500,504,510.5
1,500,500,504,511.3
1,500,500,504,534.6
1,500,500,504,536.0
1,500,500,504,531.0
1,500,500,504,524.7
1,500,500,504,536.4
1,500,500,504,536.2
1,500,500,504,523.3
1,500,500,504,535.1
1,500,500,504,516.1
1,500,500,504,518.2
1,500,500,504,525.1
1,500,500,504,551.4
1,500,500,504,520.8
1,500,500,504,517.0
1,500,500,504,529.2
1,500,500,504,511.9
1,500,500,504,513.8
1,500,500,504,526.7
1,500,500,504,516.6
1,500,500,504,516.9
1,500,500,504,531.5
1,500,500,504,521.4
1,500,500,504,519.3
1,500,500,504,522.1
1,500,500,504,534.4
1,500,500,504,511.2
1,500,500,504,531.8
1,500,500,504,543.9
1,500,500,504,532.3
1,500,500,504,524.0
1,500,500,504,518.3
1,500,500,504,518.6
1,500,500,504,515.8
1,500,500,504,516.7
1,500,500,504,513.0
1,500,500,504,508.9
1,500,500,504,532.6
1,500,500,504,523.6
1,500,500,504,520.4
1,500,500,504,517.1
1,500,500,504,518.3
1,500,500,504,520.3
1,500,500,504,511.8
1,500,500,504,511.9
1,500,500,504,521.2
1,500,500,504,511.5
1,500,500,504,516.2
1,500,500,504,518.0
1,500,500,504,510.1
1,500,500,504,509.0
1,500,500,504,524.6
1,500,500,504,521.2
1,500,500,504,516.3
1,500,500,504,520.4
1,500,500,504,521.2
1,500,500,504,524.2
1,500,500,504,519.6
1,500,500,504,516.9
1,500,500,504,515.8
1,500,500,504,512.1
1,500,500,504,518.2
1,500,500,504,518.3
1,500,500,504,514.2
1,500,500,504,521.3
1,500,500,504,521.7
1,500,500,504,518.0
1,500,500,504,515.2
1,500,500,504,512.8
1,500,500,504,521.9
1,500,500,504,514.7
1,500,500,200,514.1
1,500,500,200,520.6
1,500,500,504,508.9
1,500,500,504,522.5
1,500,500,504,534.7
1,500,500,504,539.4
1,500,500,504,519.5
1,500,500,504,529.4
1,500,500,504,526.2
1,500,500,504,531.7
1,500,500,504,516.9
1,500,500,504,517.8
1,500,500,504,515.0
1,500,500,504,532.1
1,500,500,504,536.4
1,500,500,504,532.8
1,500,500,504,525.1
1,500,500,504,514.9
1,500,500,504,532.3
1,500,500,504,531.8
1,500,500,504,520.9
1,500,500,504,518.3
1,500,500,504,520.6
1,500,500,504,522.2
1,500,500,504,514.5
1,500,500,504,521.8
1,500,500,504,512.9
1,500,500,504,524.7
1,500,500,504,524.3
1,500,500,504,541.1
1,500,500,504,516.0
1,500,500,504,518.1
1,500,500,504,523.5
1,500,500,504,519.7
1,500,500,504,514.6
1,500,500,504,518.6
1,500,500,504,512.8
1,500,500,504,532.1
1,500,500,504,540.7
1,500,500,504,539.9
1,500,500,504,514.1
1,500,500,504,519.5
2,500,500,504,547.2
2,500,500,504,563.3
2,500,500,504,546.6
2,500,500,504,572.2
2,500,500,504,549.9
2,500,500,504,586.1
2,500,500,504,570.1
2,500,500,504,580.9
2,500,500,504,576.6
2,500,500,504,582.9
2,500,500,504,516.7
2,500,500,504,518.7
2,500,500,504,515.8
2,500,500,504,515.6
2,500,500,504,515.8
2,500,500,504,524.9
2,500,500,504,522.3
2,500,500,504,526.4
2,500,500,504,521.1
2,500,500,504,527.8
2,500,500,504,513.0
2,500,500,504,514.8
2,500,500,504,512.8
2,500,500,504,512.3
2,500,500,504,515.1
2,500,500,504,512.6
2,500,500,504,515.7
2,500,500,504,518.0
2,500,500,504,519.3
2,500,500,504,519.1
2,500,500,504,515.8
2,500,500,504,517.1
2,500,500,504,511.6
2,500,500,504,517.9
2,500,500,504,513.6
2,500,500,504,520.5
2,500,500,504,520.9
2,500,500,504,518.2
2,500,500,504,516.9
2,500,500,504,516.6
2,500,500,504,514.0
2,500,500,504,517.1
2,500,500,504,513.8
2,500,500,504,513.1
2,500,500,504,511.5
2,500,500,504,518.8
2,500,500,504,518.7
2,500,500,504,515.4
2,500,500,504,524.5
2,500,500,504,529.1
2,500,500,504,526.7
2,500,500,504,525.8
2,500,500,504,529.1
2,500,500,504,530.2
2,500,500,504,522.8
2,500,500,504,514.9
2,500,500,504,511.2
2,500,500,504,516.1
2,500,500,504,514.7
2,500,500,504,526.0
2,500,500,504,522.4
2,500,500,504,531.4
2,500,500,504,540.3
2,500,500,504,558.4
2,500,500,504,562.5
2,500,500,504,546.7
2,500,500,504,549.7
2,500,500,504,541.6
2,500,500,504,523.5
2,500,500,504,529.7
2,500,500,504,511.3
2,500,500,504,527.6
2,500,500,504,541.3
2,500,500,504,538.6
2,500,500,504,527.3
2,500,500,504,519.7
2,500,500,504,546.4
2,500,500,504,553.6
2,500,500,504,534.4
2,500,500,504,547.7
2,500,500,504,513.4
2,500,500,504,523.3
2,500,500,504,513.2
2,500,500,504,509.7
2,500,500,504,514.5
2,500,500,504,516.3
2,500,500,504,516.1
2,500,500,200,521.3
2,500,500,504,515.7
2,500,500,504,522.3
2,500,500,504,512.5
2,500,500,504,517.3
2,500,500,504,517.3
2,500,500,504,512.0
2,500,500,504,511.7
2,500,500,504,512.3
2,500,500,504,512.7
2,500,500,504,521.1
2,500,500,504,519.2
2,500,500,504,533.7
2,500,500,504,516.3
2,500,500,504,512.7
2,500,500,504,515.5
2,500,500,504,517.4
2,500,500,504,513.4
2,500,500,504,520.9
2,500,500,504,527.8
2,500,500,504,517.7
2,500,500,504,512.8
2,500,500,504,520.9
2,500,500,504,518.5
2,500,500,504,514.0
2,500,500,504,513.6
2,500,500,504,514.4
2,500,500,504,532.8
2,500,500,504,538.4
2,500,500,504,537.0
2,500,500,504,537.2
2,500,500,504,531.1
2,500,500,504,532.0
2,500,500,504,517.7
2,500,500,504,516.5
2,500,500,504,514.2
2,500,500,504,512.8
2,500,500,504,528.3
2,500,500,504,530.7
2,500,500,504,522.7
2,500,500,504,541.2
2,500,500,504,531.3
2,500,500,504,529.8
2,500,500,504,519.9
2,500,500,504,515.3
2,500,500,504,518.2
2,500,500,504,517.0
2,500,500,504,523.1
2,500,500,504,514.3
2,500,500,504,520.4
2,500,500,504,519.9
2,500,500,504,527.0
2,500,500,200,529.3
2,500,500,504,514.3
2,500,500,504,519.6
2,500,500,504,522.8
2,500,500,504,515.6
2,500,500,504,522.1
2,500,500,504,517.7
2,500,500,504,520.0
2,500,500,504,527.3
2,500,500,504,526.7
2,500,500,504,527.5
2,500,500,504,513.9
2,500,500,504,513.8
2,500,500,504,515.8
2,500,500,504,513.7
2,500,500,504,529.7
2,500,500,504,529.9
2,500,500,504,526.0
2,500,500,504,520.6
2,500,500,504,518.4
2,500,500,504,519.9
2,500,500,504,516.3
2,500,500,504,514.1
2,500,500,504,511.0
2,500,500,504,515.0
2,500,500,504,518.6
2,500,500,504,527.1
2,500,500,504,544.3
2,500,500,504,538.6
2,500,500,504,542.9
2,500,500,504,541.9
2,500,500,504,513.6
2,500,500,504,513.0
2,500,500,504,513.1
2,500,500,504,515.8
2,500,500,504,509.4
2,500,500,504,539.2
2,500,500,504,539.8
2,500,500,504,527.3
2,500,500,504,526.3
2,500,500,504,544.4
2,500,500,504,513.8
2,500,500,504,512.9
2,500,500,504,520.8
2,500,500,504,515.2
2,500,500,504,514.6
2,500,500,504,521.6
2,500,500,504,518.1
2,500,500,504,522.0
2,500,500,504,525.9
2,500,500,504,527.6
2,500,500,504,520.7
2,500,500,504,528.2
2,500,500,504,520.0
2,500,500,504,525.5
2,500,500,504,513.1
2,500,500,504,523.7
2,500,500,504,516.7
2,500,500,504,524.0
2,500,500,504,520.0
2,500,500,504,525.9
3,500,500,504,515.0
3,500,500,504,514.3
3,500,500,504,511.3
3,500,500,504,512.6
3,500,500,504,525.5
3,500,500,504,526.7
3,500,500,504,526.1
3,500,500,504,534.4
3,500,500,504,544.5
3,500,500,504,535.9
3,500,500,504,513.4
3,500,500,504,517.9
3,500,500,504,520.9
3,500,500,504,514.1
3,500,500,504,514.3
3,500,500,504,530.2
3,500,500,504,538.0
3,500,500,504,543.1
3,500,500,504,541.3
3,500,500,504,544.2
3,500,500,504,513.8
3,500,500,504,518.5
3,500,500,504,523.7
3,500,500,504,533.7
3,500,500,504,514.5
3,500,500,504,531.4
3,500,500,504,535.5
3,500,500,504,528.9
3,500,500,504,530.4
3,500,500,504,536.7
3,500,500,504,514.1
3,500,500,504,521.4
3,500,500,504,527.7
3,500,500,504,525.0
3,500,500,504,523.5
3,500,500,504,523.3
3,500,500,504,519.5
3,500,500,504,524.4
3,500,500,504,519.7
3,500,500,504,526.8
3,500,500,504,510.4
3,500,500,504,504.2
3,500,500,504,513.3
3,500,500,504,518.2
3,500,500,504,517.1
3,500,500,504,506.8
3,500,500,504,515.9
3,500,500,504,517.1
3,500,500,504,529.0
3,500,500,504,530.3
3,500,500,504,507.6
3,500,500,504,504.3
3,500,500,504,505.3
3,500,500,504,510.4
3,500,500,504,512.8
3,500,500,504,504.2
3,500,500,504,504.4
3,500,500,504,508.1
3,500,500,504,514.4
3,500,500,504,517.2
3,500,500,504,508.3
3,500,500,504,509.0
3,500,500,504,508.0
3,500,500,504,512.1
3,500,500,504,514.7
3,500,500,504,506.7
3,500,500,504,508.7
3,500,500,504,508.5
3,500,500,504,513.6
3,500,500,504,510.4
3,500,500,504,511.4
3,500,500,504,511.0
3,500,500,504,508.0
3,500,500,504,510.0
3,500,500,504,510.2
3,500,500,504,506.8
3,500,500,504,513.0
3,500,500,504,513.8
3,500,500,504,514.8
3,500,500,504,520.7
3,500,500,504,508.9
3,500,500,504,506.4
3,500,500,504,505.2
3,500,500,504,506.5
3,500,500,504,508.3
3,500,500,504,505.1
3,500,500,504,509.9
3,500,500,504,509.3
3,500,500,504,510.3
3,500,500,504,517.2
3,500,500,504,509.9
3,500,500,504,514.3
3,500,500,504,509.3
3,500,500,504,509.9
3,500,500,504,513.2
3,500,500,504,513.8
3,500,500,504,510.4
3,500,500,504,510.5
3,500,500,504,516.4
3,500,500,504,524.4
3,500,500,504,508.4
3,500,500,504,508.0
3,500,500,504,507.7
3,500,500,504,510.5
3,500,500,504,509.5
3,500,500,504,515.2
3,500,500,504,509.2
3,500,500,504,511.2
3,500,500,504,518.6
3,500,500,504,526.4
3,500,500,504,507.1
3,500,500,504,508.1
3,500,500,504,510.6
3,500,500,504,506.5
3,500,500,504,506.9
3,500,500,504,507.1
3,500,500,504,511.4
3,500,500,504,508.6
3,500,500,504,515.7
3,500,500,504,513.7
3,500,500,504,511.0
3,500,500,504,509.5
3,500,500,504,508.9
3,500,500,504,508.2
3,500,500,504,514.3
3,500,500,504,533.6
3,500,500,504,516.4
3,500,500,504,512.6
3,500,500,504,511.6
3,500,500,504,516.9
3,500,500,504,509.7
3,500,500,504,506.8
3,500,500,200,508.2
3,500,500,504,508.5
3,500,500,504,544.7
3,500,500,504,521.1
3,500,500,504,511.4
3,500,500,504,514.4
3,500,500,504,520.1
3,500,500,504,520.1
3,500,500,504,511.1
3,500,500,504,511.2
3,500,500,504,511.0
3,500,500,504,512.6
3,500,500,504,512.8
3,500,500,504,512.4
3,500,500,504,511.0
3,500,500,504,508.0
3,500,500,504,516.7
3,500,500,504,515.8
3,500,500,504,509.2
3,500,500,504,512.9
3,500,500,504,520.7
3,500,500,504,514.2
3,500,500,504,509.7
3,500,500,504,518.8
3,500,500,504,517.1
3,500,500,504,508.3
3,500,500,504,510.1
3,500,500,504,509.9
3,500,500,504,513.8
3,500,500,504,513.2
3,500,500,504,514.9
3,500,500,504,511.0
3,500,500,504,512.9
3,500,500,504,516.8
3,500,500,504,518.7
3,500,500,504,517.7
3,500,500,504,514.7
3,500,500,504,519.0
3,500,500,504,519.6
3,500,500,504,511.3
3,500,500,504,511.9
3,500,500,504,513.0
3,500,500,504,516.4
3,500,500,504,518.6
3,500,500,504,516.9
3,500,500,504,517.4
3,500,500,504,517.8
3,500,500,504,524.0
3,500,500,504,514.6
3,500,500,504,512.3
3,500,500,504,513.5
3,500,500,504,510.6
3,500,500,504,509.2
3,500,500,504,511.5
3,500,500,200,513.7
3,500,500,504,517.0
3,500,500,504,518.4
3,500,500,504,524.5
3,500,500,504,518.2
3,500,500,504,515.3
3,500,500,504,512.2
3,500,500,504,513.8
3,500,500,504,507.7
3,500,500,504,516.5
3,500,500,504,520.3
3,500,500,504,516.2
3,500,500,504,516.9
3,500,500,504,528.1
1,750,500,504,518.1
1,750,500,504,522.6
1,750,500,504,529.0
1,750,500,504,557.4
1,750,500,504,562.6
1,750,500,504,565.1
1,750,500,504,587.2
1,750,500,504,602.3
1,750,500,504,615.1
1,750,500,504,606.4
1,750,500,504,516.8
1,750,500,504,525.8
1,750,500,504,529.1
1,750,500,504,524.1
1,750,500,504,521.7
1,750,500,504,525.1
1,750,500,504,521.4
1,750,500,504,523.3
1,750,500,504,513.3
1,750,500,504,524.1
1,750,500,504,512.7
1,750,500,504,523.2
1,750,500,504,520.2
1,750,500,504,514.9
1,750,500,504,519.0
1,750,500,504,520.7
1,750,500,504,518.8
1,750,500,504,515.5
1,750,500,504,518.3
1,750,500,504,516.5
1,750,500,504,510.9
1,750,500,504,512.0
1,750,500,504,511.0
1,750,500,504,512.4
1,750,500,504,510.4
1,750,500,504,514.6
1,750,500,504,512.6
1,750,500,504,513.1
1,750,500,504,519.7
1,750,500,504,526.3
1,750,500,504,511.7
1,750,500,504,514.4
1,750,500,504,513.6
1,750,500,504,513.9
1,750,500,504,508.9
1,750,500,504,512.4
1,750,500,504,511.3
1,750,500,504,512.4
1,750,500,504,520.6
1,750,500,504,519.4
1,750,500,504,509.9
1,750,500,504,510.1
1,750,500,504,510.6
1,750,500,504,513.8
1,750,500,504,508.8
1,750,500,504,511.8
1,750,500,504,516.5
1,750,500,504,512.7
1,750,500,504,526.6
1,750,500,504,538.9
1,750,500,504,509.7
1,750,500,504,509.9
1,750,500,504,509.4
1,750,500,504,509.5
1,750,500,504,510.7
1,750,500,504,510.5
1,750,500,504,510.2
1,750,500,504,510.7
1,750,500,504,517.0
1,750,500,504,530.6
1,750,500,504,512.7
1,750,500,504,510.5
1,750,500,504,515.0
1,750,500,504,514.1
1,750,500,504,515.0
1,750,500,504,514.0
1,750,500,504,511.1
1,750,500,504,511.8
1,750,500,504,512.4
1,750,500,504,513.2
1,750,500,504,513.4
1,750,500,504,514.8
1,750,500,504,515.7
1,750,500,504,516.1
1,750,500,504,514.6
1,750,500,504,512.7
1,750,500,504,512.9
1,750,500,504,519.1
1,750,500,504,519.4
1,750,500,504,516.4
1,750,500,504,512.6
1,750,500,504,512.8
1,750,500,504,511.1
1,750,500,504,511.6
1,750,500,504,513.1
1,750,500,504,514.8
1,750,500,504,519.6
1,750,500,504,516.9
1,750,500,504,513.4
1,750,500,504,518.0
1,750,500,504,514.0
1,750,500,504,511.9
1,750,500,504,513.5
1,750,500,504,519.9
1,750,500,504,518.1
1,750,500,504,511.3
1,750,500,504,514.7
1,750,500,504,512.9
1,750,500,504,524.0
1,750,500,504,524.2
1,750,500,504,515.4
1,750,500,504,515.4
1,750,500,504,513.0
1,750,500,504,514.5
1,750,500,504,514.1
1,750,500,504,510.8
1,750,500,504,510.4
1,750,500,504,515.3
1,750,500,504,521.2
1,750,500,504,529.6
1,750,500,504,510.7
1,750,500,504,513.4
1,750,500,504,511.0
1,750,500,504,510.6
1,750,500,504,510.1
1,750,500,504,513.6
1,750,500,504,514.4
1,750,500,504,514.4
1,750,500,504,517.4
1,750,500,504,532.8
1,750,500,504,510.6
1,750,500,504,514.1
1,750,500,504,512.4
1,750,500,504,512.0
1,750,500,504,511.8
1,750,500,504,514.6
1,750,500,504,511.6
1,750,500,504,511.8
1,750,500,504,520.1
1,750,500,504,525.4
1,750,500,504,513.9
1,750,500,504,522.5
1,750,500,504,523.6
1,750,500,504,512.6
1,750,500,504,512.1
1,750,500,504,512.6
1,750,500,504,513.7
1,750,500,504,515.6
1,750,500,504,516.7
1,750,500,504,527.0
1,750,500,504,517.7
1,750,500,504,529.9
1,750,500,504,526.5
1,750,500,504,522.3
1,750,500,504,526.3
1,750,500,504,520.2
1,750,500,504,513.5
1,750,500,504,517.3
1,750,500,504,512.1
1,750,500,504,516.3
1,750,500,504,513.3
1,750,500,504,532.0
1,750,500,504,541.7
1,750,500,504,540.2
1,750,500,504,537.0
1,750,500,504,523.0
1,750,500,504,520.1
1,750,500,504,516.9
1,750,500,504,517.4
1,750,500,504,523.6
1,750,500,504,515.4
1,750,500,504,517.6
1,750,500,504,517.0
1,750,500,504,517.7
1,750,500,504,518.8
1,750,500,504,511.3
1,750,500,504,518.7
1,750,500,504,515.3
1,750,500,504,515.4
1,750,500,504,525.3
1,750,500,504,515.4
1,750,500,504,515.2
1,750,500,504,521.7
1,750,500,504,526.7
1,750,500,504,525.5
1,750,500,504,522.8
1,750,500,504,523.1
1,750,500,504,517.2
1,750,500,504,523.4
1,750,500,504,523.6
1,750,500,504,509.8
1,750,500,504,515.2
1,750,500,504,526.1
1,750,500,504,521.7
1,750,500,504,516.8
1,750,500,504,523.3
1,750,500,504,520.2
1,750,500,504,514.1
1,750,500,504,516.8
1,750,500,504,524.7
2,750,500,504,514.3
2,750,500,504,516.7
2,750,500,504,517.9
2,750,500,504,515.2
2,750,500,504,516.8
2,750,500,504,513.1
2,750,500,504,510.2
2,750,500,504,510.9
2,750,500,504,511.2
2,750,500,504,511.4
2,750,500,504,516.2
2,750,500,504,514.4
2,750,500,504,515.6
2,750,500,504,518.2
2,750,500,504,517.5
2,750,500,504,519.6
2,750,500,504,521.1
2,750,500,504,533.2
2,750,500,504,528.2
2,750,500,504,526.1
2,750,500,504,513.6
2,750,500,504,513.3
2,750,500,504,521.8
2,750,500,504,526.6
2,750,500,504,530.1
2,750,500,504,542.8
2,750,500,504,552.5
2,750,500,504,537.2
2,750,500,504,545.2
2,750,500,504,547.0
2,750,500,504,516.8
2,750,500,504,523.4
2,750,500,504,524.3
2,750,500,504,527.2
2,750,500,504,527.1
2,750,500,504,526.0
2,750,500,504,526.1
2,750,500,504,526.3
2,750,500,504,525.0
2,750,500,504,526.1
2,750,500,504,512.4
2,750,500,504,534.2
2,750,500,504,537.6
2,750,500,504,528.8
2,750,500,504,526.3
2,750,500,504,520.0
2,750,500,504,511.7
2,750,500,504,511.0
2,750,500,504,515.7
2,750,500,504,517.6
2,750,500,504,516.6
2,750,500,504,528.9
2,750,500,504,519.7
2,750,500,504,519.0
2,750,500,504,519.0
2,750,500,504,516.5
2,750,500,504,524.2
2,750,500,504,562.0
2,750,500,504,571.1
2,750,500,504,575.3
2,750,500,504,512.2
2,750,500,504,512.9
2,750,500,504,509.1
2,750,500,504,520.9
2,750,500,504,520.9
2,750,500,504,520.4
2,750,500,504,550.4
2,750,500,504,547.9
2,750,500,504,529.1
2,750,500,504,542.7
2,750,500,504,512.7
2,750,500,504,510.5
2,750,500,504,509.3
2,750,500,504,519.7
2,750,500,504,510.5
2,750,500,504,522.6
2,750,500,504,511.3
2,750,500,504,516.4
2,750,500,504,515.3
2,750,500,504,514.4
2,750,500,504,506.6
2,750,500,504,509.4
2,750,500,504,511.4
2,750,500,504,508.8
2,750,500,504,513.7
2,750,500,504,511.1
2,750,500,504,509.9
2,750,500,504,517.7
2,750,500,504,528.1
2,750,500,504,530.8
2,750,500,504,508.1
2,750,500,504,510.2
2,750,500,504,511.8
2,750,500,504,515.0
2,750,500,504,524.9
2,750,500,504,536.3
2,750,500,504,513.8
2,750,500,504,523.6
2,750,500,504,516.7
2,750,500,504,515.6
2,750,500,504,506.9
2,750,500,504,510.2
2,750,500,504,508.0
2,750,500,504,522.6
2,750,500,504,516.4
2,750,500,504,534.7
2,750,500,504,518.3
2,750,500,504,510.1
2,750,500,504,509.1
2,750,500,504,520.5
2,750,500,504,506.6
2,750,500,504,507.7
2,750,500,504,507.5
2,750,500,504,507.4
2,750,500,504,511.1
2,750,500,504,522.3
2,750,500,504,512.7
2,750,500,504,513.7
2,750,500,504,516.9
2,750,500,504,532.7
2,750,500,504,507.5
2,750,500,504,511.2
2,750,500,504,512.9
2,750,500,504,510.2
2,750,500,504,511.7
2,750,500,504,517.1
2,750,500,504,514.1
2,750,500,504,510.5
2,750,500,504,514.6
2,750,500,504,525.8
2,750,500,504,513.1
2,750,500,504,514.8
2,750,500,504,512.7
2,750,500,504,518.3
2,750,500,504,512.0
2,750,500,504,514.5
2,750,500,504,511.9
2,750,500,504,509.1
2,750,500,504,512.0
2,750,500,504,513.9
2,750,500,504,513.0
2,750,500,504,512.3
2,750,500,504,510.8
2,750,500,504,513.3
2,750,500,504,534.1
2,750,500,504,547.3
2,750,500,504,544.5
2,750,500,504,515.3
2,750,500,504,518.6
2,750,500,504,530.1
2,750,500,504,521.0
2,750,500,504,513.3
2,750,500,504,514.3
2,750,500,504,520.7
2,750,500,504,532.6
2,750,500,504,524.3
2,750,500,504,542.3
2,750,500,504,527.9
2,750,500,504,540.4
2,750,500,504,563.3
2,750,500,504,521.5
2,750,500,504,515.3
2,750,500,504,518.9
2,750,500,504,517.1
2,750,500,504,520.2
2,750,500,504,527.3
2,750,500,504,537.7
2,750,500,504,532.9
2,750,500,504,542.1
2,750,500,504,566.3
2,750,500,504,519.6
2,750,500,504,517.5
2,750,500,504,525.0
2,750,500,504,527.4
2,750,500,504,520.3
2,750,500,504,535.5
2,750,500,504,535.4
2,750,500,504,535.3
2,750,500,504,531.5
2,750,500,504,538.4
2,750,500,504,525.5
2,750,500,504,513.7
2,750,500,504,517.3
2,750,500,504,518.2
2,750,500,504,550.7
2,750,500,504,536.4
2,750,500,504,525.1
2,750,500,504,520.9
2,750,500,504,529.0
2,750,500,504,521.0
2,750,500,504,515.0
2,750,500,504,521.1
2,750,500,504,516.3
2,750,500,504,516.1
2,750,500,504,530.6
2,750,500,504,514.8
2,750,500,504,510.8
2,750,500,504,516.9
2,750,500,504,520.6
2,750,500,504,517.3
3,750,500,504,524.2
3,750,500,504,524.0
3,750,500,504,526.3
3,750,500,504,544.3
3,750,500,504,525.4
3,750,500,504,522.0
3,750,500,504,530.5
3,750,500,504,545.8
3,750,500,504,553.1
3,750,500,504,535.0
3,750,500,504,510.4
3,750,500,504,508.8
3,750,500,504,510.2
3,750,500,504,512.1
3,750,500,504,512.4
3,750,500,504,513.8
3,750,500,504,516.8
3,750,500,504,519.6
3,750,500,504,517.9
3,750,500,504,521.7
3,750,500,504,513.5
3,750,500,504,512.2
3,750,500,504,512.9
3,750,500,504,511.0
3,750,500,504,510.6
3,750,500,504,510.3
3,750,500,504,509.6
3,750,500,504,514.3
3,750,500,504,515.9
3,750,500,504,516.9
3,750,500,504,513.3
3,750,500,504,516.1
3,750,500,504,515.6
3,750,500,504,517.0
3,750,500,504,525.3
3,750,500,504,525.3
3,750,500,504,525.8
3,750,500,504,521.4
3,750,500,504,517.2
3,750,500,504,522.3
3,750,500,504,512.8
3,750,500,504,512.2
3,750,500,504,514.5
3,750,500,504,521.1
3,750,500,504,524.6
3,750,500,504,518.7
3,750,500,504,529.1
3,750,500,504,515.3
3,750,500,504,526.3
3,750,500,504,522.1
3,750,500,504,509.9
3,750,500,504,510.8
3,750,500,504,510.0
3,750,500,504,516.9
3,750,500,504,513.4
3,750,500,504,518.1
3,750,500,504,516.2
3,750,500,504,514.5
3,750,500,504,518.9
3,750,500,504,527.5
3,750,500,504,511.6
3,750,500,504,512.5
3,750,500,504,510.4
3,750,500,504,511.5
3,750,500,504,511.7
3,750,500,504,512.8
3,750,500,504,514.7
3,750,500,504,517.6
3,750,500,504,519.2
3,750,500,504,518.9
3,750,500,504,516.2
3,750,500,504,514.5
3,750,500,504,512.0
3,750,500,504,510.3
3,750,500,504,511.7
3,750,500,504,516.5
3,750,500,504,516.3
3,750,500,504,513.5
3,750,500,504,513.0
3,750,500,504,519.7
3,750,500,504,518.6
3,750,500,504,523.2
3,750,500,504,536.9
3,750,500,504,522.9
3,750,500,504,519.5
3,750,500,504,516.5
3,750,500,504,524.1
3,750,500,504,524.0
3,750,500,504,515.6
3,750,500,504,516.6
3,750,500,504,515.0
3,750,500,504,527.0
3,750,500,504,520.4
3,750,500,504,517.6
3,750,500,504,514.0
3,750,500,504,520.9
3,750,500,504,516.8
3,750,500,504,524.3
3,750,500,504,516.5
3,750,500,504,515.3
3,750,500,504,510.3
3,750,500,504,511.6
3,750,500,504,515.8
3,750,500,504,519.2
3,750,500,504,517.9
3,750,500,504,511.9
3,750,500,504,517.9
3,750,500,504,515.6
3,750,500,504,516.3
3,750,500,504,520.6
3,750,500,504,516.8
3,750,500,504,513.5
3,750,500,504,535.5
3,750,500,504,529.1
3,750,500,504,529.6
3,750,500,504,526.7
3,750,500,504,527.2
3,750,500,504,531.1
3,750,500,504,526.5
3,750,500,504,532.9
3,750,500,504,524.3
3,750,500,504,519.3
3,750,500,504,525.0
3,750,500,504,524.9
3,750,500,504,535.3
3,750,500,504,539.2
3,750,500,504,537.9
3,750,500,504,536.7
3,750,500,504,542.3
3,750,500,504,555.8
3,750,500,504,509.8
3,750,500,504,515.0
3,750,500,504,512.0
3,750,500,504,509.5
3,750,500,504,512.9
3,750,500,504,510.1
3,750,500,504,517.9
3,750,500,504,522.3
3,750,500,504,517.1
3,750,500,504,522.1
3,750,500,504,512.8
3,750,500,504,517.6
3,750,500,504,510.8
3,750,500,504,511.2
3,750,500,504,515.9
3,750,500,504,509.3
3,750,500,504,511.6
3,750,500,504,512.4
3,750,500,504,515.7
3,750,500,504,515.5
3,750,500,504,514.2
3,750,500,504,513.8
3,750,500,504,511.7
3,750,500,504,512.1
3,750,500,504,512.6
3,750,500,504,511.8
3,750,500,504,510.1
3,750,500,504,511.1
3,750,500,504,515.3
3,750,500,504,514.6
3,750,500,504,519.3
3,750,500,504,516.7
3,750,500,504,510.9
3,750,500,504,511.7
3,750,500,504,513.0
3,750,500,504,514.6
3,750,500,504,512.4
3,750,500,504,511.0
3,750,500,504,513.9
3,750,500,504,516.4
3,750,500,504,520.8
3,750,500,504,512.7
3,750,500,504,513.9
3,750,500,504,515.9
3,750,500,504,515.5
3,750,500,504,516.5
3,750,500,504,515.4
3,750,500,504,513.0
3,750,500,504,520.6
3,750,500,504,532.0
3,750,500,504,516.8
3,750,500,504,513.2
3,750,500,504,514.9
3,750,500,504,513.8
3,750,500,504,518.4
3,750,500,504,516.5
3,750,500,504,515.2
3,750,500,504,516.6
3,750,500,504,522.3
3,750,500,504,520.3
3,750,500,504,514.5
3,750,500,504,513.2
3,750,500,504,512.3
3,750,500,504,512.5
3,750,500,504,515.0
3,750,500,504,514.5
3,750,500,504,514.3
3,750,500,504,513.0
3,750,500,504,519.4
3,750,500,504,527.2
1,1000,500,504,515.1
1,1000,500,504,517.0
1,1000,500,504,520.3
1,1000,500,504,533.0
1,1000,500,504,557.1
1,1000,500,504,548.8
1,1000,500,504,541.3
1,1000,500,504,559.2
1,1000,500,504,561.5
1,1000,500,504,593.3
1,1000,500,504,514.2
1,1000,500,504,515.2
1,1000,500,504,514.7
1,1000,500,504,513.9
1,1000,500,504,514.7
1,1000,500,504,513.3
1,1000,500,504,518.5
1,1000,500,504,522.8
1,1000,500,504,520.2
1,1000,500,504,530.7
1,1000,500,504,516.3
1,1000,500,504,516.4
1,1000,500,504,515.1
1,1000,500,504,513.5
1,1000,500,504,513.4
1,1000,500,504,515.6
1,1000,500,504,517.1
1,1000,500,504,522.3
1,1000,500,504,525.9
1,1000,500,504,525.5
1,1000,500,504,515.4
1,1000,500,504,515.1
1,1000,500,504,516.2
1,1000,500,504,513.2
1,1000,500,504,514.4
1,1000,500,504,514.2
1,1000,500,504,512.3
1,1000,500,504,513.9
1,1000,500,504,525.5
1,1000,500,504,524.9
1,1000,500,504,520.2
1,1000,500,504,514.7
1,1000,500,504,516.2
1,1000,500,504,516.7
1,1000,500,504,516.7
1,1000,500,504,515.2
1,1000,500,504,514.6
1,1000,500,504,515.5
1,1000,500,504,519.2
1,1000,500,504,520.0
1,1000,500,504,513.1
1,1000,500,504,510.4
1,1000,500,504,507.4
1,1000,500,504,513.4
1,1000,500,504,510.9
1,1000,500,504,510.4
1,1000,500,504,508.3
1,1000,500,504,510.4
1,1000,500,504,512.6
1,1000,500,504,522.0
1,1000,500,504,508.2
1,1000,500,504,508.7
1,1000,500,504,507.3
1,1000,500,504,506.6
1,1000,500,504,507.4
1,1000,500,504,506.3
1,1000,500,504,505.1
1,1000,500,504,508.3
1,1000,500,504,518.9
1,1000,500,504,521.5
1,1000,500,504,509.8
1,1000,500,504,509.3
1,1000,500,504,507.7
1,1000,500,504,507.2
1,1000,500,504,507.9
1,1000,500,504,508.1
1,1000,500,504,507.9
1,1000,500,504,508.1
1,1000,500,504,515.3
1,1000,500,504,511.2
1,1000,500,504,508.1
1,1000,500,504,506.8
1,1000,500,504,507.8
1,1000,500,504,509.4
1,1000,500,504,508.0
1,1000,500,504,508.7
1,1000,500,504,510.6
1,1000,500,504,510.2
1,1000,500,504,512.0
1,1000,500,504,522.8
1,1000,500,504,509.0
1,1000,500,504,510.3
1,1000,500,504,512.8
1,1000,500,504,509.7
1,1000,500,504,506.7
1,1000,500,504,506.2
1,1000,500,504,509.2
1,1000,500,504,509.3
1,1000,500,504,516.7
1,1000,500,504,511.4
1,1000,500,504,514.4
1,1000,500,504,516.0
1,1000,500,504,512.9
1,1000,500,504,509.1
1,1000,500,504,505.3
1,1000,500,504,506.5
1,1000,500,504,507.0
1,1000,500,504,509.1
1,1000,500,504,514.1
1,1000,500,504,520.3
1,1000,500,504,511.8
1,1000,500,504,512.4
1,1000,500,504,514.8
1,1000,500,504,509.8
1,1000,500,504,509.0
1,1000,500,504,507.5
1,1000,500,504,506.7
1,1000,500,504,508.2
1,1000,500,504,512.3
1,1000,500,504,527.7
1,1000,500,504,512.2
1,1000,500,504,518.1
1,1000,500,504,520.9
1,1000,500,504,525.8
1,1000,500,504,518.5
1,1000,500,504,519.4
1,1000,500,504,519.1
1,1000,500,504,514.9
1,1000,500,504,514.0
1,1000,500,504,533.4
1,1000,500,504,515.7
1,1000,500,504,520.9
1,1000,500,504,527.4
1,1000,500,504,525.3
1,1000,500,504,523.1
1,1000,500,504,522.8
1,1000,500,504,520.7
1,1000,500,504,513.0
1,1000,500,504,532.9
1,1000,500,504,527.3
1,1000,500,504,516.5
1,1000,500,504,517.9
1,1000,500,504,513.9
1,1000,500,504,531.3
1,1000,500,504,531.5
1,1000,500,504,534.8
1,1000,500,504,538.1
1,1000,500,504,530.8
1,1000,500,504,534.6
1,1000,500,504,538.5
1,1000,500,504,517.7
1,1000,500,504,511.7
1,1000,500,504,510.9
1,1000,500,504,534.5
1,1000,500,504,528.7
1,1000,500,504,544.6
1,1000,500,504,546.9
1,1000,500,504,542.5
1,1000,500,504,537.7
1,1000,500,504,530.4
1,1000,500,504,512.3
1,1000,500,504,526.6
1,1000,500,504,528.0
1,1000,500,504,514.2
1,1000,500,504,513.4
1,1000,500,504,513.3
1,1000,500,504,511.3
1,1000,500,504,517.6
1,1000,500,504,515.3
1,1000,500,504,516.5
1,1000,500,504,511.6
1,1000,500,504,520.6
1,1000,500,504,516.1
1,1000,500,504,512.2
1,1000,500,504,510.6
1,1000,500,504,509.7
1,1000,500,504,510.7
1,1000,500,504,515.5
1,1000,500,504,511.8
1,1000,500,504,517.6
1,1000,500,504,515.3
1,1000,500,504,509.5
1,1000,500,504,512.1
1,1000,500,504,509.4
1,1000,500,504,509.0
1,1000,500,504,509.1
1,1000,500,504,514.9
1,1000,500,504,516.6
1,1000,500,504,513.9
1,1000,500,504,522.1
1,1000,500,504,516.0
1,1000,500,504,511.1
1,1000,500,504,510.1
1,1000,500,504,514.2
1,1000,500,504,513.7
1,1000,500,504,509.7
1,1000,500,504,510.2
1,1000,500,504,516.0
1,1000,500,504,526.0
1,1000,500,504,521.1
2,1000,500,504,517.1
2,1000,500,504,522.4
2,1000,500,504,522.0
2,1000,500,504,525.9
2,1000,500,504,513.4
2,1000,500,504,524.4
2,1000,500,504,534.2
2,1000,500,504,532.1
2,1000,500,504,550.3
2,1000,500,504,552.1
2,1000,500,504,511.6
2,1000,500,504,513.2
2,1000,500,504,514.2
2,1000,500,504,512.0
2,1000,500,504,516.0
2,1000,500,504,514.3
2,1000,500,504,535.8
2,1000,500,504,521.6
2,1000,500,504,547.6
2,1000,500,504,531.6
2,1000,500,504,510.4
2,1000,500,504,514.7
2,1000,500,504,512.6
2,1000,500,504,509.2
2,1000,500,504,513.3
2,1000,500,504,511.6
2,1000,500,504,509.1
2,1000,500,504,517.0
2,1000,500,504,517.9
2,1000,500,504,517.9
2,1000,500,504,510.0
2,1000,500,504,519.9
2,1000,500,504,520.3
2,1000,500,504,517.6
2,1000,500,504,515.9
2,1000,500,504,518.7
2,1000,500,504,509.7
2,1000,500,504,511.4
2,1000,500,504,512.5
2,1000,500,504,522.7
2,1000,500,504,512.3
2,1000,500,504,519.7
2,1000,500,504,525.4
2,1000,500,504,531.4
2,1000,500,504,529.0
2,1000,500,504,536.8
2,1000,500,504,534.5
2,1000,500,504,531.2
2,1000,500,504,527.8
2,1000,500,504,522.4
2,1000,500,504,515.3
2,1000,500,504,518.6
2,1000,500,504,529.2
2,1000,500,504,533.8
2,1000,500,504,539.6
2,1000,500,504,547.2
2,1000,500,504,533.9
2,1000,500,504,521.0
2,1000,500,504,559.0
2,1000,500,504,538.9
2,1000,500,504,515.4
2,1000,500,504,512.7
2,1000,500,504,510.5
2,1000,500,504,512.4
2,1000,500,504,512.7
2,1000,500,504,511.3
2,1000,500,504,517.9
2,1000,500,504,519.6
2,1000,500,504,516.9
2,1000,500,504,520.7
2,1000,500,504,515.1
2,1000,500,504,514.1
2,1000,500,504,513.8
2,1000,500,504,510.7
2,1000,500,504,513.8
2,1000,500,504,514.9
2,1000,500,504,516.8
2,1000,500,504,522.2
2,1000,500,504,524.8
2,1000,500,504,528.6
2,1000,500,504,522.9
2,1000,500,504,517.1
2,1000,500,504,513.5
2,1000,500,504,514.8
2,1000,500,504,512.1
2,1000,500,504,514.0
2,1000,500,504,522.1
2,1000,500,504,530.7
2,1000,500,504,528.4
2,1000,500,504,527.9
2,1000,500,504,518.7
2,1000,500,504,514.9
2,1000,500,504,514.9
2,1000,500,504,512.5
2,1000,500,504,510.7
2,1000,500,504,515.2
2,1000,500,504,512.0
2,1000,500,504,517.8
2,1000,500,504,525.1
2,1000,500,504,523.5
2,1000,500,504,514.5
2,1000,500,504,513.3
2,1000,500,504,510.0
2,1000,500,504,516.8
2,1000,500,504,515.2
2,1000,500,504,516.5
2,1000,500,504,510.6
2,1000,500,504,510.9
2,1000,500,504,515.1
2,1000,500,504,519.0
2,1000,500,504,515.1
2,1000,500,504,512.4
2,1000,500,504,515.6
2,1000,500,504,524.6
2,1000,500,504,519.6
2,1000,500,504,519.6
2,1000,500,504,514.2
2,1000,500,504,516.2
2,1000,500,504,520.9
2,1000,500,504,517.7
2,1000,500,504,513.2
2,1000,500,504,513.7
2,1000,500,504,523.5
2,1000,500,504,519.5
2,1000,500,504,520.6
2,1000,500,504,518.9
2,1000,500,504,513.1
2,1000,500,504,512.5
2,1000,500,504,516.5
2,1000,500,504,517.4
2,1000,500,504,516.5
2,1000,500,504,513.9
2,1000,500,504,513.4
2,1000,500,504,512.6
2,1000,500,504,515.6
2,1000,500,504,514.2
2,1000,500,504,514.0
2,1000,500,504,510.3
2,1000,500,504,519.0
2,1000,500,504,517.0
2,1000,500,504,516.2
2,1000,500,504,522.6
2,1000,500,504,515.9
2,1000,500,504,513.2
2,1000,500,504,512.0
2,1000,500,504,517.6
2,1000,500,504,519.9
2,1000,500,504,519.2
2,1000,500,504,514.0
2,1000,500,504,515.8
2,1000,500,504,516.0
2,1000,500,504,518.1
2,1000,500,504,516.6
2,1000,500,504,511.1
2,1000,500,504,513.0
2,1000,500,504,519.5
2,1000,500,504,514.6
2,1000,500,504,510.9
2,1000,500,504,517.2
2,1000,500,504,517.0
2,1000,500,504,513.6
2,1000,500,504,510.2
2,1000,500,504,511.3
2,1000,500,504,509.2
2,1000,500,504,512.0
2,1000,500,504,510.5
2,1000,500,504,515.8
2,1000,500,504,510.9
2,1000,500,504,516.9
2,1000,500,504,515.3
2,1000,500,504,514.0
2,1000,500,504,513.0
2,1000,500,504,512.6
2,1000,500,504,513.0
2,1000,500,504,515.3
2,1000,500,504,509.9
2,1000,500,504,513.5
2,1000,500,504,511.0
2,1000,500,504,513.0
2,1000,500,504,514.1
2,1000,500,504,517.3
2,1000,500,504,516.6
2,1000,500,504,518.6
2,1000,500,504,514.5
2,1000,500,504,512.9
2,1000,500,504,511.4
2,1000,500,504,513.1
2,1000,500,504,512.3
2,1000,500,504,519.3
2,1000,500,504,519.5
2,1000,500,504,525.2
2,1000,500,504,519.9
2,1000,500,504,517.1
2,1000,500,504,516.3
2,1000,500,504,515.0
2,1000,500,504,515.4
2,1000,500,504,513.3
2,1000,500,504,512.2
2,1000,500,504,516.2
2,1000,500,504,521.0
3,1000,500,504,509.8
3,1000,500,504,510.4
3,1000,500,504,510.5
3,1000,500,504,511.7
3,1000,500,504,511.4
3,1000,500,504,511.8
3,1000,500,504,514.2
3,1000,500,504,513.9
3,1000,500,504,510.3
3,1000,500,504,516.6
3,1000,500,504,514.9
3,1000,500,504,515.2
3,1000,500,504,516.7
3,1000,500,504,514.1
3,1000,500,504,515.2
3,1000,500,504,518.9
3,1000,500,504,517.0
3,1000,500,504,518.5
3,1000,500,504,520.8
3,1000,500,504,523.9
3,1000,500,504,515.5
3,1000,500,504,514.3
3,1000,500,504,514.0
3,1000,500,504,516.9
3,1000,500,504,520.7
3,1000,500,504,521.3
3,1000,500,504,520.8
3,1000,500,504,523.8
3,1000,500,504,522.1
3,1000,500,504,518.3
3,1000,500,504,511.8
3,1000,500,504,512.0
3,1000,500,504,510.0
3,1000,500,504,512.5
3,1000,500,504,510.1
3,1000,500,504,509.9
3,1000,500,504,508.8
3,1000,500,504,510.4
3,1000,500,504,512.1
3,1000,500,504,511.4
3,1000,500,504,511.3
3,1000,500,504,516.9
3,1000,500,504,519.4
3,1000,500,504,522.1
3,1000,500,504,534.3
3,1000,500,504,535.1
3,1000,500,504,539.1
3,1000,500,504,535.0
3,1000,500,504,529.7
3,1000,500,504,531.3
3,1000,500,504,512.5
3,1000,500,504,523.4
3,1000,500,504,524.5
3,1000,500,504,531.5
3,1000,500,504,534.1
3,1000,500,504,529.5
3,1000,500,504,546.9
3,1000,500,504,531.7
3,1000,500,504,547.1
3,1000,500,504,547.2
3,1000,500,504,519.7
3,1000,500,504,516.6
3,1000,500,504,514.4
3,1000,500,504,512.2
3,1000,500,504,510.8
3,1000,500,504,518.3
3,1000,500,504,524.7
3,1000,500,504,529.1
3,1000,500,504,528.6
3,1000,500,504,536.4
3,1000,500,504,514.6
3,1000,500,504,515.6
3,1000,500,504,514.9
3,1000,500,504,510.8
3,1000,500,504,513.8
3,1000,500,504,528.4
3,1000,500,504,528.7
3,1000,500,504,519.5
3,1000,500,504,537.8
3,1000,500,504,528.5
3,1000,500,504,513.9
3,1000,500,504,516.1
3,1000,500,504,512.7
3,1000,500,504,513.8
3,1000,500,504,514.7
3,1000,500,504,514.9
3,1000,500,504,513.3
3,1000,500,504,516.9
3,1000,500,504,533.0
3,1000,500,504,536.0
3,1000,500,504,512.3
3,1000,500,504,510.4
3,1000,500,504,510.6
3,1000,500,504,514.6
3,1000,500,504,512.3
3,1000,500,504,514.0
3,1000,500,504,516.5
3,1000,500,504,524.2
3,1000,500,504,539.6
3,1000,500,504,556.6
3,1000,500,504,513.6
3,1000,500,504,513.4
3,1000,500,504,514.0
3,1000,500,504,511.4
3,1000,500,504,511.1
3,1000,500,504,518.2
3,1000,500,504,516.6
3,1000,500,504,529.9
3,1000,500,504,525.3
3,1000,500,504,538.7
3,1000,500,504,515.9
3,1000,500,504,520.6
3,1000,500,504,526.9
3,1000,500,504,521.5
3,1000,500,504,518.0
3,1000,500,504,511.8
3,1000,500,504,513.6
3,1000,500,504,514.4
3,1000,500,504,526.5
3,1000,500,504,526.1
3,1000,500,504,513.0
3,1000,500,504,526.3
3,1000,500,504,518.8
3,1000,500,504,518.2
3,1000,500,504,515.1
3,1000,500,504,513.2
3,1000,500,504,510.7
3,1000,500,504,512.7
3,1000,500,504,519.6
3,1000,500,504,518.5
3,1000,500,504,512.5
3,1000,500,504,517.1
3,1000,500,504,524.5
3,1000,500,504,523.9
3,1000,500,504,516.7
3,1000,500,504,511.2
3,1000,500,504,516.7
3,1000,500,504,516.0
3,1000,500,504,521.4
3,1000,500,504,516.5
3,1000,500,504,518.4
3,1000,500,504,527.2
3,1000,500,504,520.4
3,1000,500,504,520.3
3,1000,500,504,514.5
3,1000,500,504,521.2
3,1000,500,504,515.7
3,1000,500,504,516.2
3,1000,500,504,511.6
3,1000,500,504,514.6
3,1000,500,504,515.3
3,1000,500,504,511.2
3,1000,500,504,511.4
3,1000,500,504,513.2
3,1000,500,504,511.7
3,1000,500,504,513.6
3,1000,500,504,512.1
3,1000,500,504,512.9
3,1000,500,504,519.4
3,1000,500,504,521.7
3,1000,500,504,513.3
3,1000,500,504,514.7
3,1000,500,504,519.7
3,1000,500,504,514.2
3,1000,500,504,517.0
3,1000,500,504,514.4
3,1000,500,504,516.8
3,1000,500,504,510.1
3,1000,500,504,521.4
3,1000,500,504,521.1
3,1000,500,504,515.7
3,1000,500,504,515.2
3,1000,500,504,530.2
3,1000,500,504,525.0
3,1000,500,504,532.7
3,1000,500,504,522.9
3,1000,500,504,522.6
3,1000,500,504,514.8
3,1000,500,504,519.2
3,1000,500,504,518.8
3,1000,500,504,516.7
3,1000,500,504,526.3
3,1000,500,504,527.8
3,1000,500,504,547.9
3,1000,500,504,537.2
3,1000,500,504,521.0
3,1000,500,504,514.1
3,1000,500,504,519.0
3,1000,500,504,516.4
3,1000,500,504,522.3
3,1000,500,504,522.1
3,1000,500,504,518.4
3,1000,500,504,518.0
3,1000,500,504,521.9
3,1000,500,504,526.5
3,1000,500,504,518.9
3,1000,500,504,522.8
3,1000,500,504,514.0
3,1000,500,504,524.4
3,1000,500,504,524.2
1,1500,500,504,524.7
1,1500,500,504,524.7
1,1500,500,504,528.1
1,1500,500,504,545.5
1,1500,500,504,548.2
1,1500,500,504,541.9
1,1500,500,504,561.1
1,1500,500,504,582.7
1,1500,500,504,595.3
1,1500,500,504,578.5
1,1500,500,504,524.2
1,1500,500,504,535.3
1,1500,500,504,533.0
1,1500,500,504,526.5
1,1500,500,504,531.0
1,1500,500,504,551.0
1,1500,500,504,549.4
1,1500,500,504,551.2
1,1500,500,504,556.0
1,1500,500,504,566.3
1,1500,500,504,540.5
1,1500,500,504,533.8
1,1500,500,504,561.5
1,1500,500,504,583.1
1,1500,500,504,581.5
1,1500,500,504,584.3
1,1500,500,504,624.5
1,1500,500,504,626.9
1,1500,500,504,639.5
1,1500,500,504,672.2
1,1500,500,504,538.2
1,1500,500,504,558.9
1,1500,500,504,576.8
1,1500,500,504,564.6
1,1500,500,504,579.5
1,1500,500,504,563.1
1,1500,500,504,564.4
1,1500,500,504,656.1
1,1500,500,504,635.4
1,1500,500,504,604.9
1,1500,500,504,557.0
1,1500,500,504,543.1
1,1500,500,504,549.4
1,1500,500,504,572.1
1,1500,500,504,550.6
1,1500,500,504,533.3
1,1500,500,504,525.3
1,1500,500,504,553.3
1,1500,500,504,553.5
1,1500,500,504,559.9
1,1500,500,504,517.4
1,1500,500,504,519.1
1,1500,500,504,525.0
1,1500,500,504,520.3
1,1500,500,504,524.8
1,1500,500,504,526.5
1,1500,500,504,530.9
1,1500,500,504,534.7
1,1500,500,504,550.0
1,1500,500,504,544.4
1,1500,500,504,519.4
1,1500,500,504,515.4
1,1500,500,504,517.4
1,1500,500,504,521.4
1,1500,500,504,522.1
1,1500,500,504,519.7
1,1500,500,504,514.9
1,1500,500,504,516.9
1,1500,500,504,522.1
1,1500,500,504,538.7
1,1500,500,504,513.3
1,1500,500,504,513.5
1,1500,500,504,517.7
1,1500,500,504,516.2
1,1500,500,504,515.7
1,1500,500,504,510.8
1,1500,500,504,518.4
1,1500,500,504,513.2
1,1500,500,504,526.7
1,1500,500,504,524.7
1,1500,500,504,516.7
1,1500,500,504,514.3
1,1500,500,504,515.3
1,1500,500,504,512.4
1,1500,500,504,511.8
1,1500,500,504,514.4
1,1500,500,504,511.4
1,1500,500,504,521.3
1,1500,500,504,520.4
1,1500,500,504,519.4
1,1500,500,504,510.1
1,1500,500,504,511.4
1,1500,500,504,517.5
1,1500,500,504,510.2
1,1500,500,504,513.5
1,1500,500,504,516.2
1,1500,500,504,508.9
1,1500,500,504,516.8
1,1500,500,504,516.1
1,1500,500,504,518.3
1,1500,500,504,512.4
1,1500,500,504,512.4
1,1500,500,504,517.4
1,1500,500,504,517.1
1,1500,500,504,512.1
1,1500,500,504,516.0
1,1500,500,504,514.2
1,1500,500,504,517.6
1,1500,500,504,521.4
1,1500,500,504,520.2
1,1500,500,504,514.6
1,1500,500,504,519.9
1,1500,500,504,521.6
1,1500,500,504,513.9
1,1500,500,504,514.8
1,1500,500,504,514.1
1,1500,500,504,512.4
1,1500,500,504,517.6
1,1500,500,504,520.1
1,1500,500,504,525.3
1,1500,500,504,520.9
1,1500,500,504,515.6
1,1500,500,504,513.4
1,1500,500,504,512.8
1,1500,500,504,519.6
1,1500,500,504,513.0
1,1500,500,504,511.0
1,1500,500,504,512.5
1,1500,500,504,520.8
1,1500,500,504,534.2
1,1500,500,504,512.5
1,1500,500,504,511.5
1,1500,500,504,512.1
1,1500,500,504,513.5
1,1500,500,504,521.3
1,1500,500,504,525.6
1,1500,500,504,533.4
1,1500,500,504,512.9
1,1500,500,504,511.9
1,1500,500,504,516.1
1,1500,500,504,515.2
1,1500,500,504,514.1
1,1500,500,504,520.6
1,1500,500,504,521.0
1,1500,500,504,525.0
1,1500,500,504,523.0
1,1500,500,504,542.6
1,1500,500,504,513.8
1,1500,500,504,516.0
1,1500,500,504,530.4
1,1500,500,504,521.1
1,1500,500,504,523.0
1,1500,500,504,524.1
1,1500,500,504,512.8
1,1500,500,504,516.2
1,1500,500,504,521.2
1,1500,500,504,527.6
1,1500,500,504,512.2
1,1500,500,504,532.8
1,1500,500,504,526.5
1,1500,500,504,524.8
1,1500,500,504,521.9
1,1500,500,504,516.2
1,1500,500,504,513.9
1,1500,500,504,521.2
1,1500,500,504,519.3
1,1500,500,504,534.4
1,1500,500,504,511.3
1,1500,500,504,520.4
1,1500,500,504,531.7
1,1500,500,504,516.3
1,1500,500,504,518.1
1,1500,500,504,514.2
1,1500,500,504,517.2
1,1500,500,504,523.9
1,1500,500,504,526.9
1,1500,500,504,530.5
1,1500,500,504,514.1
1,1500,500,504,521.1
1,1500,500,504,523.3
1,1500,500,504,513.2
1,1500,500,504,512.1
1,1500,500,504,518.3
1,1500,500,504,516.7
1,1500,500,504,523.6
1,1500,500,504,523.8
1,1500,500,504,534.8
1,1500,500,504,512.8
1,1500,500,504,523.6
1,1500,500,504,529.1
1,1500,500,504,512.3
1,1500,500,504,513.5
1,1500,500,504,514.6
1,1500,500,504,515.8
1,1500,500,504,523.9
1,1500,500,504,515.4
1,1500,500,504,514.5
1,1500,500,504,513.0
1,1500,500,504,518.3
1,1500,500,504,534.5
2,1500,500,504,520.6
2,1500,500,504,516.4
2,1500,500,504,518.1
2,1500,500,504,521.2
2,1500,500,504,520.7
2,1500,500,504,530.7
2,1500,500,504,523.9
2,1500,500,504,528.7
2,1500,500,504,532.5
2,1500,500,504,548.2
2,1500,500,504,513.7
2,1500,500,504,511.9
2,1500,500,504,512.3
2,1500,500,504,513.0
2,1500,500,504,517.9
2,1500,500,504,518.4
2,1500,500,504,521.0
2,1500,500,504,520.9
2,1500,500,504,521.3
2,1500,500,504,531.5
2,1500,500,504,514.2
2,1500,500,504,514.1
2,1500,500,504,512.3
2,1500,500,504,533.2
2,1500,500,504,538.8
2,1500,500,504,525.5
2,1500,500,504,524.1
2,1500,500,504,519.4
2,1500,500,504,531.8
2,1500,500,504,543.6
2,1500,500,504,514.6
2,1500,500,504,515.1
2,1500,500,504,514.6
2,1500,500,504,528.7
2,1500,500,504,524.5
2,1500,500,504,514.4
2,1500,500,504,523.3
2,1500,500,504,526.6
2,1500,500,504,534.6
2,1500,500,504,535.1
2,1500,500,504,516.3
2,1500,500,504,514.6
2,1500,500,504,513.6
2,1500,500,504,515.7
2,1500,500,504,512.0
2,1500,500,504,513.2
2,1500,500,504,521.4
2,1500,500,504,524.6
2,1500,500,504,528.1
2,1500,500,504,552.6
2,1500,500,504,511.3
2,1500,500,504,510.7
2,1500,500,504,511.4
2,1500,500,504,516.8
2,1500,500,504,514.8
2,1500,500,504,520.6
2,1500,500,504,519.1
2,1500,500,504,523.9
2,1500,500,504,527.4
2,1500,500,504,547.9
2,1500,500,504,515.4
2,1500,500,504,516.4
2,1500,500,504,514.5
2,1500,500,504,517.5
2,1500,500,504,513.8
2,1500,500,504,526.7
2,1500,500,504,527.9
2,1500,500,504,540.0
2,1500,500,504,549.3
2,1500,500,504,553.2
2,1500,500,504,518.7
2,1500,500,504,522.1
2,1500,500,504,522.9
2,1500,500,504,515.6
2,1500,500,504,517.0
2,1500,500,504,513.9
2,1500,500,504,526.5
2,1500,500,504,551.4
2,1500,500,504,539.5
2,1500,500,504,538.5
2,1500,500,504,518.0
2,1500,500,504,517.7
2,1500,500,504,527.6
2,1500,500,504,517.3
2,1500,500,504,519.1
2,1500,500,504,520.1
2,1500,500,504,532.7
2,1500,500,504,511.0
2,1500,500,504,513.6
2,1500,500,504,523.6
2,1500,500,504,511.6
2,1500,500,504,513.0
2,1500,500,504,516.5
2,1500,500,504,522.5
2,1500,500,504,516.3
2,1500,500,504,520.4
2,1500,500,504,524.0
2,1500,500,504,511.8
2,1500,500,504,519.1
2,1500,500,504,521.4
2,1500,500,504,510.8
2,1500,500,504,522.0
2,1500,500,504,520.3
2,1500,500,504,512.9
2,1500,500,504,513.1
2,1500,500,504,520.6
2,1500,500,504,536.4
2,1500,500,504,511.3
2,1500,500,504,521.2
2,1500,500,504,520.2
2,1500,500,504,513.4
2,1500,500,504,518.1
2,1500,500,504,519.5
2,1500,500,504,514.3
2,1500,500,504,518.9
2,1500,500,504,516.8
2,1500,500,504,527.1
2,1500,500,504,512.6
2,1500,500,504,521.6
2,1500,500,504,520.2
2,1500,500,504,519.7
2,1500,500,504,526.5
2,1500,500,504,534.6
2,1500,500,504,515.8
2,1500,500,504,521.0
2,1500,500,504,516.2
2,1500,500,504,516.7
2,1500,500,504,514.7
2,1500,500,504,517.1
2,1500,500,504,521.1
2,1500,500,504,517.4
2,1500,500,504,519.2
2,1500,500,504,527.0
2,1500,500,504,513.0
2,1500,500,504,513.8
2,1500,500,504,513.1
2,1500,500,504,515.4
2,1500,500,504,512.9
2,1500,500,504,523.1
2,1500,500,504,532.8
2,1500,500,504,513.3
2,1500,500,504,516.2
2,1500,500,504,516.3
2,1500,500,504,514.4
2,1500,500,504,512.0
2,1500,500,504,518.8
2,1500,500,504,515.3
2,1500,500,504,512.7
2,1500,500,504,516.8
2,1500,500,504,520.0
2,1500,500,504,516.0
2,1500,500,504,522.3
2,1500,500,504,522.4
2,1500,500,504,513.6
2,1500,500,504,512.8
2,1500,500,504,521.5
2,1500,500,504,522.4
2,1500,500,504,513.0
2,1500,500,504,517.4
2,1500,500,504,516.5
2,1500,500,504,515.9
2,1500,500,504,521.3
2,1500,500,504,523.1
2,1500,500,504,517.4
2,1500,500,504,512.0
2,1500,500,504,514.5
2,1500,500,504,520.3
2,1500,500,504,515.4
2,1500,500,504,515.1
2,1500,500,504,516.3
2,1500,500,504,512.5
2,1500,500,504,522.7
2,1500,500,504,531.6
2,1500,500,504,521.5
2,1500,500,504,522.3
2,1500,500,504,519.0
2,1500,500,504,522.0
2,1500,500,504,516.7
2,1500,500,504,521.7
2,1500,500,504,518.6
2,1500,500,504,517.3
2,1500,500,504,526.6
2,1500,500,504,528.5
2,1500,500,504,549.1
2,1500,500,504,538.8
2,1500,500,504,527.6
2,1500,500,504,532.6
2,1500,500,504,521.2
2,1500,500,504,522.0
2,1500,500,504,531.8
2,1500,500,504,514.7
2,1500,500,504,516.4
2,1500,500,504,515.5
2,1500,500,504,523.4
2,1500,500,504,521.4
2,1500,500,504,528.3
2,1500,500,504,527.7
2,1500,500,504,522.9
2,1500,500,504,515.0
2,1500,500,504,510.0
3,1500,500,504,513.4
3,1500,500,504,514.6
3,1500,500,504,521.0
3,1500,500,504,513.6
3,1500,500,504,513.8
3,1500,500,504,520.8
3,1500,500,504,532.3
3,1500,500,504,528.2
3,1500,500,504,524.2
3,1500,500,504,531.6
3,1500,500,504,507.9
3,1500,500,504,510.3
3,1500,500,504,509.8
3,1500,500,504,509.4
3,1500,500,504,506.0
3,1500,500,504,509.8
3,1500,500,504,508.0
3,1500,500,504,510.1
3,1500,500,504,517.7
3,1500,500,504,519.0
3,1500,500,504,508.4
3,1500,500,504,507.1
3,1500,500,504,509.1
3,1500,500,504,507.9
3,1500,500,504,509.6
3,1500,500,504,505.3
3,1500,500,504,508.6
3,1500,500,504,513.9
3,1500,500,504,514.9
3,1500,500,504,511.9
3,1500,500,504,506.4
3,1500,500,504,507.8
3,1500,500,504,509.1
3,1500,500,504,508.8
3,1500,500,504,511.9
3,1500,500,504,506.9
3,1500,500,504,511.1
3,1500,500,504,515.2
3,1500,500,504,520.5
3,1500,500,504,525.6
3,1500,500,504,509.0
3,1500,500,504,511.5
3,1500,500,504,511.5
3,1500,500,504,517.5
3,1500,500,504,518.5
3,1500,500,504,516.3
3,1500,500,504,517.1
3,1500,500,504,512.9
3,1500,500,504,510.4
3,1500,500,504,525.4
3,1500,500,504,510.9
3,1500,500,504,508.3
3,1500,500,504,511.7
3,1500,500,504,514.8
3,1500,500,504,515.2
3,1500,500,504,514.1
3,1500,500,504,512.2
3,1500,500,504,509.5
3,1500,500,504,521.5
3,1500,500,504,538.8
3,1500,500,504,511.7
3,1500,500,504,518.1
3,1500,500,504,514.1
3,1500,500,504,511.4
3,1500,500,504,512.8
3,1500,500,504,513.1
3,1500,500,504,513.0
3,1500,500,504,513.4
3,1500,500,504,525.9
3,1500,500,504,526.8
3,1500,500,504,516.8
3,1500,500,504,520.1
3,1500,500,504,511.4
3,1500,500,504,512.5
3,1500,500,504,513.5
3,1500,500,504,510.1
3,1500,500,504,510.0
3,1500,500,504,507.6
3,1500,500,504,515.3
3,1500,500,504,529.9
3,1500,500,504,513.2
3,1500,500,504,517.3
3,1500,500,504,517.4
3,1500,500,504,511.9
3,1500,500,504,510.8
3,1500,500,504,517.5
3,1500,500,504,510.4
3,1500,500,504,516.9
3,1500,500,504,518.2
3,1500,500,504,517.4
3,1500,500,504,516.9
3,1500,500,504,516.1
3,1500,500,504,517.2
3,1500,500,504,513.6
3,1500,500,504,516.9
3,1500,500,504,512.7
3,1500,500,504,508.9
3,1500,500,504,514.0
3,1500,500,504,518.5
3,1500,500,504,519.5
3,1500,500,504,516.3
3,1500,500,504,514.6
3,1500,500,504,515.8
3,1500,500,504,515.8
3,1500,500,504,512.9
3,1500,500,504,514.2
3,1500,500,504,511.9
3,1500,500,504,510.1
3,1500,500,504,521.4
3,1500,500,504,522.8
3,1500,500,504,511.6
3,1500,500,504,510.7
3,1500,500,504,512.6
3,1500,500,504,514.8
3,1500,500,504,514.4
3,1500,500,504,514.2
3,1500,500,504,513.8
3,1500,500,504,511.3
3,1500,500,504,515.8
3,1500,500,504,523.8
3,1500,500,504,510.1
3,1500,500,504,511.4
3,1500,500,504,510.0
3,1500,500,504,510.7
3,1500,500,504,511.8
3,1500,500,504,512.5
3,1500,500,504,516.9
3,1500,500,504,509.8
3,1500,500,504,513.3
3,1500,500,504,514.3
3,1500,500,504,514.5
3,1500,500,504,510.3
3,1500,500,504,509.8
3,1500,500,504,509.7
3,1500,500,504,507.8
3,1500,500,504,512.6
3,1500,500,504,510.8
3,1500,500,504,514.8
3,1500,500,504,514.8
3,1500,500,504,515.2
3,1500,500,504,511.5
3,1500,500,504,511.0
3,1500,500,504,513.2
3,1500,500,504,510.8
3,1500,500,504,510.2
3,1500,500,504,510.2
3,1500,500,504,512.2
3,1500,500,504,509.5
3,1500,500,504,522.0
3,1500,500,504,529.7
3,1500,500,504,511.3
3,1500,500,504,509.2
3,1500,500,504,513.2
3,1500,500,504,515.3
3,1500,500,504,511.6
3,1500,500,504,510.2
3,1500,500,504,509.4
3,1500,500,504,515.2
3,1500,500,504,538.7
3,1500,500,504,534.9
3,1500,500,504,510.5
3,1500,500,504,509.4
3,1500,500,504,515.8
3,1500,500,504,510.2
3,1500,500,504,513.7
3,1500,500,504,511.6
3,1500,500,504,519.0
3,1500,500,504,510.1
3,1500,500,504,516.9
3,1500,500,504,532.0
3,1500,500,504,512.7
3,1500,500,504,513.5
3,1500,500,504,514.8
3,1500,500,504,517.1
3,1500,500,504,517.1
3,1500,500,504,514.6
3,1500,500,504,512.9
3,1500,500,504,509.8
3,1500,500,504,513.5
3,1500,500,504,524.4
3,1500,500,504,510.8
3,1500,500,504,512.8
3,1500,500,504,520.0
3,1500,500,504,527.1
3,1500,500,504,524.5
3,1500,500,504,522.4
3,1500,500,504,518.9
3,1500,500,504,520.8
3,1500,500,504,520.0
3,1500,500,504,535.8
3,1500,500,504,513.1
3,1500,500,504,511.6
3,1500,500,504,522.8
3,1500,500,504,526.9
3,1500,500,504,522.2
3,1500,500,504,530.5
3,1500,500,504,532.5
3,1500,500,504,527.0
3,1500,500,504,525.5
3,1500,500,504,523.5
1,2000,500,504,518.7
1,2000,500,504,553.8
1,2000,500,504,555.1
1,2000,500,504,549.0
1,2000,500,504,550.3
1,2000,500,504,546.0
1,2000,500,504,564.1
1,2000,500,504,591.5
1,2000,500,504,604.7
1,2000,500,504,576.9
1,2000,500,504,521.2
1,2000,500,504,516.2
1,2000,500,504,522.4
1,2000,500,504,517.6
1,2000,500,504,519.1
1,2000,500,504,514.4
1,2000,500,504,518.4
1,2000,500,504,522.4
1,2000,500,504,517.3
1,2000,500,504,521.2
1,2000,500,504,515.8
1,2000,500,504,513.5
1,2000,500,504,510.7
1,2000,500,504,511.2
1,2000,500,504,512.3
1,2000,500,504,512.9
1,2000,500,504,514.3
1,2000,500,504,513.6
1,2000,500,504,513.9
1,2000,500,504,521.4
1,2000,500,504,510.8
1,2000,500,504,512.8
1,2000,500,504,517.8
1,2000,500,504,526.9
1,2000,500,504,530.3
1,2000,500,504,530.6
1,2000,500,504,524.5
1,2000,500,504,521.6
1,2000,500,504,524.1
1,2000,500,504,519.0
1,2000,500,504,513.5
1,2000,500,504,515.5
1,2000,500,504,534.0
1,2000,500,504,533.3
1,2000,500,504,539.7
1,2000,500,504,526.0
1,2000,500,504,542.1
1,2000,500,504,526.4
1,2000,500,504,537.0
1,2000,500,504,563.1
1,2000,500,504,516.1
1,2000,500,504,513.1
1,2000,500,504,509.6
1,2000,500,504,512.4
1,2000,500,504,522.1
1,2000,500,504,527.2
1,2000,500,504,538.1
1,2000,500,504,532.3
1,2000,500,504,535.9
1,2000,500,504,547.7
1,2000,500,504,517.0
1,2000,500,504,513.0
1,2000,500,504,510.1
1,2000,500,504,510.2
1,2000,500,504,521.2
1,2000,500,504,526.5
1,2000,500,504,526.1
1,2000,500,504,518.0
1,2000,500,504,527.6
1,2000,500,504,521.7
1,2000,500,504,516.4
1,2000,500,504,514.5
1,2000,500,504,510.3
1,2000,500,504,510.6
1,2000,500,504,509.1
1,2000,500,504,510.5
1,2000,500,504,512.0
1,2000,500,504,516.8
1,2000,500,504,512.0
1,2000,500,504,517.5
1,2000,500,504,510.2
1,2000,500,504,511.2
1,2000,500,504,511.6
1,2000,500,504,514.1
1,2000,500,504,511.7
1,2000,500,504,511.3
1,2000,500,504,515.0
1,2000,500,504,520.5
1,2000,500,504,519.8
1,2000,500,504,525.7
1,2000,500,504,512.5
1,2000,500,504,513.6
1,2000,500,504,509.3
1,2000,500,504,512.8
1,2000,500,504,511.0
1,2000,500,504,511.2
1,2000,500,504,520.2
1,2000,500,504,523.6
1,2000,500,504,524.1
1,2000,500,504,533.3
1,2000,500,504,517.0
1,2000,500,504,515.8
1,2000,500,504,517.4
1,2000,500,504,516.8
1,2000,500,504,515.8
1,2000,500,504,515.7
1,2000,500,504,517.3
1,2000,500,504,521.0
1,2000,500,504,519.1
1,2000,500,504,528.5
1,2000,500,504,515.2
1,2000,500,504,514.1
1,2000,500,504,516.1
1,2000,500,504,524.0
1,2000,500,504,513.4
1,2000,500,504,513.9
1,2000,500,504,517.7
1,2000,500,504,513.6
1,2000,500,504,519.1
1,2000,500,504,519.7
1,2000,500,504,517.2
1,2000,500,504,517.1
1,2000,500,504,513.7
1,2000,500,504,514.3
1,2000,500,504,518.0
1,2000,500,504,512.8
1,2000,500,504,519.2
1,2000,500,504,520.0
1,2000,500,504,514.2
1,2000,500,504,522.1
1,2000,500,504,517.1
1,2000,500,504,512.3
1,2000,500,504,512.6
1,2000,500,504,511.9
1,2000,500,504,515.1
1,2000,500,504,514.3
1,2000,500,504,518.8
1,2000,500,504,516.6
1,2000,500,504,518.6
1,2000,500,504,517.3
1,2000,500,504,515.9
1,2000,500,504,514.5
1,2000,500,504,515.7
1,2000,500,504,514.3
1,2000,500,504,514.8
1,2000,500,504,511.1
1,2000,500,504,513.4
1,2000,500,504,510.8
1,2000,500,504,522.7
1,2000,500,504,536.7
1,2000,500,504,512.3
1,2000,500,504,513.5
1,2000,500,504,516.5
1,2000,500,504,515.3
1,2000,500,504,513.3
1,2000,500,504,520.9
1,2000,500,504,517.3
1,2000,500,504,525.5
1,2000,500,504,539.1
1,2000,500,504,528.8
1,2000,500,504,518.2
1,2000,500,504,514.0
1,2000,500,504,513.6
1,2000,500,504,512.6
1,2000,500,504,513.1
1,2000,500,504,515.2
1,2000,500,504,518.8
1,2000,500,504,534.0
1,2000,500,504,516.1
1,2000,500,504,517.3
1,2000,500,504,516.9
1,2000,500,504,518.6
1,2000,500,504,519.1
1,2000,500,504,518.4
1,2000,500,504,518.5
1,2000,500,504,513.0
1,2000,500,504,519.0
1,2000,500,504,523.6
1,2000,500,504,515.4
1,2000,500,504,513.9
1,2000,500,504,520.2
1,2000,500,504,521.8
1,2000,500,504,524.1
1,2000,500,504,519.8
1,2000,500,504,516.0
1,2000,500,504,518.0
1,2000,500,504,539.7
1,2000,500,504,551.7
1,2000,500,504,540.4
1,2000,500,504,543.9
1,2000,500,504,521.1
1,2000,500,504,517.7
1,2000,500,504,511.8
1,2000,500,504,507.3
1,2000,500,504,513.9
1,2000,500,504,510.9
1,2000,500,504,553.6
1,2000,500,504,533.8
1,2000,500,504,533.1
1,2000,500,504,524.5
2,2000,500,504,521.5
2,2000,500,504,541.6
2,2000,500,504,569.9
2,2000,500,504,534.0
2,2000,500,504,568.2
2,2000,500,504,584.0
2,2000,500,504,550.9
2,2000,500,504,635.3
2,2000,500,504,592.8
2,2000,500,504,604.0
2,2000,500,504,508.4
2,2000,500,504,507.2
2,2000,500,504,521.0
2,2000,500,504,520.3
2,2000,500,504,518.8
2,2000,500,504,513.7
2,2000,500,504,514.5
2,2000,500,504,515.8
2,2000,500,504,517.8
2,2000,500,504,521.4
2,2000,500,504,507.4
2,2000,500,504,508.0
2,2000,500,504,528.3
2,2000,500,504,537.7
2,2000,500,504,538.9
2,2000,500,504,550.4
2,2000,500,504,541.6
2,2000,500,504,540.1
2,2000,500,504,532.6
2,2000,500,504,546.2
2,2000,500,504,507.7
2,2000,500,504,509.0
2,2000,500,504,528.8
2,2000,500,504,542.0
2,2000,500,504,531.8
2,2000,500,504,544.6
2,2000,500,504,534.2
2,2000,500,504,565.6
2,2000,500,504,559.7
2,2000,500,504,604.5
2,2000,500,504,509.7
2,2000,500,504,510.2
2,2000,500,504,512.0
2,2000,500,504,513.6
2,2000,500,504,511.1
2,2000,500,504,511.1
2,2000,500,504,528.3
2,2000,500,504,533.0
2,2000,500,504,533.6
2,2000,500,504,541.4
2,2000,500,504,513.1
2,2000,500,504,509.8
2,2000,500,504,511.3
2,2000,500,504,511.7
2,2000,500,504,508.7
2,2000,500,504,508.3
2,2000,500,504,509.2
2,2000,500,504,516.0
2,2000,500,504,529.6
2,2000,500,504,522.3
2,2000,500,504,511.8
2,2000,500,504,512.4
2,2000,500,504,510.7
2,2000,500,504,516.7
2,2000,500,504,522.5
2,2000,500,504,512.5
2,2000,500,504,510.0
2,2000,500,504,510.2
2,2000,500,504,517.4
2,2000,500,504,519.8
2,2000,500,504,512.6
2,2000,500,504,512.7
2,2000,500,504,520.7
2,2000,500,504,517.0
2,2000,500,504,513.7
2,2000,500,504,512.2
2,2000,500,504,512.6
2,2000,500,504,514.8
2,2000,500,504,523.6
2,2000,500,504,518.4
2,2000,500,504,511.6
2,2000,500,504,522.8
2,2000,500,504,518.1
2,2000,500,504,508.8
2,2000,500,504,512.8
2,2000,500,504,511.8
2,2000,500,504,508.8
2,2000,500,504,510.1
2,2000,500,504,513.7
2,2000,500,504,516.9
2,2000,500,504,515.3
2,2000,500,504,512.7
2,2000,500,504,514.0
2,2000,500,504,511.3
2,2000,500,504,519.9
2,2000,500,504,518.2
2,2000,500,504,511.6
2,2000,500,504,513.4
2,2000,500,504,514.6
2,2000,500,504,511.6
2,2000,500,504,514.6
2,2000,500,504,513.8
2,2000,500,504,508.4
2,2000,500,504,511.7
2,2000,500,504,512.4
2,2000,500,504,517.0
2,2000,500,504,507.5
2,2000,500,504,511.7
2,2000,500,504,514.0
2,2000,500,504,520.0
2,2000,500,504,512.5
2,2000,500,504,522.4
2,2000,500,504,508.3
2,2000,500,504,509.7
2,2000,500,504,514.2
2,2000,500,504,514.3
2,2000,500,504,509.7
2,2000,500,504,513.5
2,2000,500,504,516.0
2,2000,500,504,523.0
2,2000,500,504,512.5
2,2000,500,504,516.6
2,2000,500,504,509.0
2,2000,500,504,508.8
2,2000,500,504,511.9
2,2000,500,504,520.3
2,2000,500,504,519.4
2,2000,500,504,509.5
2,2000,500,504,523.1
2,2000,500,504,515.5
2,2000,500,504,512.4
2,2000,500,504,511.7
2,2000,500,504,516.7
2,2000,500,504,511.1
2,2000,500,504,521.2
2,2000,500,504,514.4
2,2000,500,504,524.4
2,2000,500,504,515.4
2,2000,500,504,514.9
2,2000,500,504,520.4
2,2000,500,504,507.5
2,2000,500,504,514.1
2,2000,500,504,514.6
2,2000,500,504,512.4
2,2000,500,504,517.2
2,2000,500,504,535.1
2,2000,500,504,555.4
2,2000,500,504,531.7
2,2000,500,504,517.5
2,2000,500,504,521.9
2,2000,500,504,513.6
2,2000,500,504,516.4
2,2000,500,504,514.5
2,2000,500,504,517.1
2,2000,500,504,542.0
2,2000,500,504,542.6
2,2000,500,504,525.7
2,2000,500,504,542.1
2,2000,500,504,513.3
2,2000,500,504,524.3
2,2000,500,504,510.9
2,2000,500,504,511.6
2,2000,500,504,515.5
2,2000,500,504,516.7
2,2000,500,504,515.6
2,2000,500,504,521.0
2,2000,500,504,517.1
2,2000,500,504,526.3
2,2000,500,504,516.6
2,2000,500,504,523.3
2,2000,500,504,517.1
2,2000,500,504,514.6
2,2000,500,504,512.7
2,2000,500,504,512.4
2,2000,500,504,511.1
2,2000,500,504,513.5
2,2000,500,504,515.2
2,2000,500,504,521.8
2,2000,500,504,516.3
2,2000,500,504,525.0
2,2000,500,504,520.2
2,2000,500,504,509.1
2,2000,500,504,510.0
2,2000,500,504,512.1
2,2000,500,504,511.1
2,2000,500,504,511.0
2,2000,500,504,518.1
2,2000,500,504,523.4
2,2000,500,504,514.1
2,2000,500,504,521.8
2,2000,500,504,512.4
2,2000,500,504,508.0
2,2000,500,504,510.1
2,2000,500,504,517.0
2,2000,500,504,513.3
2,2000,500,504,510.8
2,2000,500,504,512.0
2,2000,500,504,515.4
2,2000,500,504,515.2
2,2000,500,504,514.5
3,2000,500,504,511.6
3,2000,500,504,513.4
3,2000,500,504,516.5
3,2000,500,504,519.6
3,2000,500,504,519.7
3,2000,500,504,513.7
3,2000,500,504,515.3
3,2000,500,504,536.7
3,2000,500,504,534.1
3,2000,500,504,533.4
3,2000,500,504,516.9
3,2000,500,504,517.7
3,2000,500,504,516.7
3,2000,500,504,522.8
3,2000,500,504,517.3
3,2000,500,504,515.5
3,2000,500,504,532.1
3,2000,500,504,520.0
3,2000,500,504,519.2
3,2000,500,504,524.6
3,2000,500,504,514.2
3,2000,500,504,514.5
3,2000,500,504,510.4
3,2000,500,504,515.4
3,2000,500,504,519.0
3,2000,500,504,515.8
3,2000,500,504,512.3
3,2000,500,504,512.3
3,2000,500,504,510.9
3,2000,500,504,522.4
3,2000,500,504,513.1
3,2000,500,504,513.0
3,2000,500,504,517.5
3,2000,500,504,518.5
3,2000,500,504,524.0
3,2000,500,504,523.2
3,2000,500,504,511.4
3,2000,500,504,514.2
3,2000,500,504,524.0
3,2000,500,504,520.9
3,2000,500,504,512.8
3,2000,500,504,516.9
3,2000,500,504,515.1
3,2000,500,504,515.3
3,2000,500,504,518.2
3,2000,500,504,529.2
3,2000,500,504,530.4
3,2000,500,504,538.4
3,2000,500,504,535.1
3,2000,500,504,535.0
3,2000,500,504,517.3
3,2000,500,504,525.8
3,2000,500,504,522.5
3,2000,500,504,516.2
3,2000,500,504,526.2
3,2000,500,504,545.3
3,2000,500,504,552.0
3,2000,500,504,543.7
3,2000,500,504,530.6
3,2000,500,504,540.8
3,2000,500,504,523.7
3,2000,500,504,526.0
3,2000,500,504,523.4
3,2000,500,504,515.0
3,2000,500,504,511.4
3,2000,500,504,522.0
3,2000,500,504,525.2
3,2000,500,504,525.1
3,2000,500,504,521.3
3,2000,500,504,522.3
3,2000,500,504,510.6
3,2000,500,504,520.6
3,2000,500,504,528.8
3,2000,500,504,525.7
3,2000,500,504,516.8
3,2000,500,504,516.7
3,2000,500,504,517.4
3,2000,500,504,525.1
3,2000,500,504,527.7
3,2000,500,504,534.8
3,2000,500,504,514.3
3,2000,500,504,513.7
3,2000,500,504,518.7
3,2000,500,504,518.8
3,2000,500,504,513.4
3,2000,500,504,517.3
3,2000,500,504,518.4
3,2000,500,504,528.7
3,2000,500,504,521.0
3,2000,500,504,524.3
3,2000,500,504,511.5
3,2000,500,504,514.0
3,2000,500,504,513.0
3,2000,500,504,514.6
3,2000,500,504,520.3
3,2000,500,504,514.2
3,2000,500,504,512.8
3,2000,500,504,514.0
3,2000,500,504,519.6
3,2000,500,504,528.6
3,2000,500,504,515.9
3,2000,500,504,512.3
3,2000,500,504,516.2
3,2000,500,504,553.1
3,2000,500,504,544.2
3,2000,500,504,517.1
3,2000,500,504,512.0
3,2000,500,504,523.2
3,2000,500,504,517.3
3,2000,500,504,524.7
3,2000,500,504,515.0
3,2000,500,504,512.9
3,2000,500,504,545.3
3,2000,500,504,524.2
3,2000,500,504,527.7
3,2000,500,504,519.7
3,2000,500,504,512.6
3,2000,500,504,522.4
3,2000,500,504,524.1
3,2000,500,504,525.0
3,2000,500,504,513.8
3,2000,500,504,512.5
3,2000,500,504,514.1
3,2000,500,504,514.9
3,2000,500,504,514.9
3,2000,500,504,512.7
3,2000,500,504,514.8
3,2000,500,504,522.3
3,2000,500,504,523.2
3,2000,500,504,533.2
3,2000,500,504,510.7
3,2000,500,504,513.1
3,2000,500,504,523.1
3,2000,500,504,527.5
3,2000,500,504,540.8
3,2000,500,504,555.3
3,2000,500,504,555.0
3,2000,500,504,523.2
3,2000,500,504,514.6
3,2000,500,504,522.7
3,2000,500,504,513.1
3,2000,500,504,514.6
3,2000,500,504,540.4
3,2000,500,504,553.3
3,2000,500,504,550.7
3,2000,500,504,538.1
3,2000,500,504,565.7
3,2000,500,504,531.5
3,2000,500,504,535.1
3,2000,500,504,544.0
3,2000,500,504,514.6
3,2000,500,504,513.5
3,2000,500,504,524.6
3,2000,500,504,515.1
3,2000,500,504,515.5
3,2000,500,504,540.2
3,2000,500,504,542.2
3,2000,500,504,543.0
3,2000,500,504,536.4
3,2000,500,504,549.0
3,2000,500,504,515.4
3,2000,500,504,518.7
3,2000,500,504,517.4
3,2000,500,504,517.9
3,2000,500,504,513.5
3,2000,500,504,520.4
3,2000,500,504,520.9
3,2000,500,504,527.2
3,2000,500,504,521.0
3,2000,500,504,518.7
3,2000,500,504,514.3
3,2000,500,504,518.3
3,2000,500,504,516.3
3,2000,500,504,519.4
3,2000,500,504,523.0
3,2000,500,504,513.5
3,2000,500,504,514.4
3,2000,500,504,517.9
3,2000,500,504,518.9
3,2000,500,504,519.9
3,2000,500,504,513.5
3,2000,500,504,513.0
3,2000,500,504,519.2
3,2000,500,504,528.4
3,2000,500,504,528.2
3,2000,500,504,512.8
3,2000,500,504,512.3
3,2000,500,504,518.6
3,2000,500,504,523.3
3,2000,500,504,523.9
3,2000,500,504,513.6
3,2000,500,504,515.5
3,2000,500,504,515.3
3,2000,500,504,523.3
3,2000,500,504,514.3
3,2000,500,504,514.7
3,2000,500,504,514.2
3,2000,500,504,513.3
3,2000,500,504,519.8
3,2000,500,504,515.2
1,0,1000,200,136.2
1,0,1000,200,182.7
1,0,1000,200,268.1
1,0,1000,200,195.4
1,0,1000,200,302.2
1,0,1000,200,199.7
1,0,1000,200,334.5
1,0,1000,200,186.0
1,0,1000,200,184.7
1,0,1000,200,461.7
1,0,1000,200,176.9
1,0,1000,200,178.8
1,0,1000,200,576.9
1,0,1000,200,191.6
1,0,1000,200,176.1
1,0,1000,200,173.7
1,0,1000,200,157.6
1,0,1000,200,555.8
1,0,1000,200,160.8
1,0,1000,200,155.0
1,0,1000,200,156.5
1,0,1000,200,153.2
1,0,1000,200,153.2
1,0,1000,200,153.5
1,0,1000,200,715.1
1,0,1000,200,151.5
1,0,1000,200,140.5
1,0,1000,200,140.7
1,0,1000,200,123.7
1,0,1000,200,103.7
1,0,1000,200,119.2
1,0,1000,200,107.5
1,0,1000,200,102.1
1,0,1000,200,248.8
1,0,1000,200,107.9
1,0,1000,200,107.4
1,0,1000,200,106.2
1,0,1000,200,107.1
1,0,1000,200,102.0
1,0,1000,200,135.1
1,0,1000,200,92.2
1,0,1000,200,93.8
1,0,1000,200,101.2
1,0,1000,200,91.4
1,0,1000,200,88.4
1,0,1000,200,87.7
1,0,1000,200,190.3
1,0,1000,200,97.0
1,0,1000,200,98.5
1,0,1000,200,108.8
1,0,1000,200,112.2
1,0,1000,200,1153.6
1,0,1000,200,120.9
1,0,1000,200,313.3
1,0,1000,200,138.8
1,0,1000,200,125.5
1,0,1000,200,125.8
1,0,1000,200,114.3
1,0,1000,200,111.5
1,0,1000,200,103.0
1,0,1000,200,81.3
1,0,1000,200,140.6
1,0,1000,200,101.3
1,0,1000,200,94.1
1,0,1000,200,144.1
1,0,1000,200,88.3
1,0,1000,200,98.9
1,0,1000,200,91.5
1,0,1000,200,303.4
1,0,1000,200,103.8
1,0,1000,200,84.9
1,0,1000,200,96.5
1,0,1000,200,655.5
1,0,1000,200,92.9
1,0,1000,200,90.4
1,0,1000,200,141.4
1,0,1000,200,95.7
1,0,1000,200,86.9
1,0,1000,200,217.7
1,0,1000,200,80.6
1,0,1000,200,94.8
1,0,1000,200,163.2
1,0,1000,200,93.8
1,0,1000,200,94.4
1,0,1000,200,96.2
1,0,1000,200,95.4
1,0,1000,200,182.9
1,0,1000,200,98.1
1,0,1000,200,83.6
1,0,1000,200,85.7
1,0,1000,200,85.6
1,0,1000,200,85.3
1,0,1000,200,289.0
1,0,1000,200,92.2
1,0,1000,200,346.8
1,0,1000,200,95.2
1,0,1000,200,88.7
1,0,1000,200,90.6
1,0,1000,200,73.5
1,0,1000,200,83.9
1,0,1000,200,78.1
1,0,1000,200,71.8
1,0,1000,200,64.7
1,0,1000,200,68.8
1,0,1000,200,109.2
1,0,1000,200,70.8
1,0,1000,200,105.3
1,0,1000,200,64.9
1,0,1000,200,79.2
1,0,1000,200,69.2
1,0,1000,200,102.8
1,0,1000,200,79.9
1,0,1000,200,76.6
1,0,1000,200,72.9
1,0,1000,200,108.1
1,0,1000,200,86.2
1,0,1000,200,81.2
1,0,1000,200,128.8
1,0,1000,200,107.3
1,0,1000,200,101.2
1,0,1000,200,111.8
1,0,1000,200,376.5
1,0,1000,200,105.1
1,0,1000,200,105.6
1,0,1000,200,138.1
1,0,1000,200,107.8
1,0,1000,200,91.2
1,0,1000,200,90.1
1,0,1000,200,100.2
1,0,1000,200,64.1
1,0,1000,200,114.6
1,0,1000,200,60.8
1,0,1000,200,72.2
1,0,1000,200,117.6
1,0,1000,200,85.4
1,0,1000,200,90.4
1,0,1000,200,145.2
1,0,1000,200,84.5
1,0,1000,200,84.9
1,0,1000,200,379.8
1,0,1000,200,80.1
1,0,1000,200,89.1
1,0,1000,200,94.4
1,0,1000,200,145.5
1,0,1000,200,99.4
1,0,1000,200,321.6
1,0,1000,200,105.7
1,0,1000,200,113.7
1,0,1000,200,97.3
1,0,1000,200,554.5
1,0,1000,200,89.9
1,0,1000,200,84.6
1,0,1000,200,115.2
1,0,1000,200,96.0
1,0,1000,200,82.6
1,0,1000,200,92.9
1,0,1000,200,87.6
1,0,1000,200,149.8
1,0,1000,200,98.3
1,0,1000,200,138.3
1,0,1000,200,106.5
1,0,1000,200,100.6
1,0,1000,200,101.6
1,0,1000,200,109.1
1,0,1000,200,74.5
1,0,1000,200,117.9
1,0,1000,200,53.1
1,0,1000,200,63.1
1,0,1000,200,63.5
1,0,1000,200,107.6
1,0,1000,200,75.5
1,0,1000,200,468.1
1,0,1000,200,78.7
1,0,1000,200,78.2
1,0,1000,200,565.3
1,0,1000,200,83.1
1,0,1000,200,69.6
1,0,1000,200,243.7
1,0,1000,200,62.2
1,0,1000,200,64.3
1,0,1000,200,235.7
1,0,1000,200,76.7
1,0,1000,200,70.7
1,0,1000,200,70.8
1,0,1000,200,181.3
1,0,1000,200,88.7
1,0,1000,200,87.8
1,0,1000,200,90.3
1,0,1000,200,244.1
1,0,1000,200,90.4
1,0,1000,200,84.0
1,0,1000,200,88.8
1,0,1000,200,82.1
1,0,1000,200,73.0
1,0,1000,200,62.1
1,0,1000,200,69.3
1,0,1000,200,59.8
1,0,1000,200,44.8
1,0,1000,200,52.6
1,0,1000,200,232.7
2,0,1000,200,74.3
2,0,1000,200,76.7
2,0,1000,200,80.4
2,0,1000,200,75.5
2,0,1000,200,75.7
2,0,1000,200,73.8
2,0,1000,200,63.9
2,0,1000,200,69.3
2,0,1000,200,69.3
2,0,1000,200,76.7
2,0,1000,200,80.9
2,0,1000,200,81.8
2,0,1000,200,83.0
2,0,1000,200,75.7
2,0,1000,200,72.8
2,0,1000,200,73.3
2,0,1000,200,70.4
2,0,1000,200,72.9
2,0,1000,200,76.8
2,0,1000,200,76.3
2,0,1000,200,78.1
2,0,1000,200,82.0
2,0,1000,200,79.9
2,0,1000,200,86.1
2,0,1000,200,80.4
2,0,1000,200,75.4
2,0,1000,200,73.6
2,0,1000,200,66.1
2,0,1000,200,74.4
2,0,1000,200,79.4
2,0,1000,200,78.6
2,0,1000,200,77.4
2,0,1000,200,72.0
2,0,1000,200,65.3
2,0,1000,200,64.5
2,0,1000,200,65.7
2,0,1000,200,64.6
2,0,1000,200,66.9
2,0,1000,200,65.3
2,0,1000,200,63.4
2,0,1000,200,67.1
2,0,1000,200,64.5
2,0,1000,200,64.0
2,0,1000,200,66.4
2,0,1000,200,69.2
2,0,1000,200,74.9
2,0,1000,200,77.1
2,0,1000,200,76.7
2,0,1000,200,74.5
2,0,1000,200,72.1
2,0,1000,200,72.3
2,0,1000,200,70.7
2,0,1000,200,66.3
2,0,1000,200,65.4
2,0,1000,200,65.3
2,0,1000,200,63.9
2,0,1000,200,69.0
2,0,1000,200,71.0
2,0,1000,200,70.0
2,0,1000,200,72.6
2,0,1000,200,69.4
2,0,1000,200,71.7
2,0,1000,200,74.2
2,0,1000,200,79.3
2,0,1000,200,83.4
2,0,1000,200,78.5
2,0,1000,200,95.8
2,0,1000,200,101.1
2,0,1000,200,102.0
2,0,1000,200,102.1
2,0,1000,200,86.1
2,0,1000,200,76.8
2,0,1000,200,76.6
2,0,1000,200,79.5
2,0,1000,200,77.0
2,0,1000,200,80.2
2,0,1000,200,80.8
2,0,1000,200,85.2
2,0,1000,200,83.7
2,0,1000,200,86.7
2,0,1000,200,89.6
2,0,1000,200,91.3
2,0,1000,200,100.9
2,0,1000,200,100.8
2,0,1000,200,102.6
2,0,1000,200,95.7
2,0,1000,200,92.0
2,0,1000,200,91.2
2,0,1000,200,83.3
2,0,1000,200,81.2
2,0,1000,200,84.5
2,0,1000,200,82.4
2,0,1000,200,81.9
2,0,1000,200,91.8
2,0,1000,200,92.5
2,0,1000,200,84.1
2,0,1000,200,84.3
2,0,1000,200,75.5
2,0,1000,200,68.2
2,0,1000,200,79.0
2,0,1000,200,81.0
2,0,1000,200,81.0
2,0,1000,200,82.1
2,0,1000,200,76.1
2,0,1000,200,72.0
2,0,1000,200,70.9
2,0,1000,200,69.1
2,0,1000,200,67.5
2,0,1000,200,69.3
2,0,1000,200,67.8
2,0,1000,200,69.6
2,0,1000,200,78.6
2,0,1000,200,82.3
2,0,1000,200,87.8
2,0,1000,200,84.4
2,0,1000,200,78.9
2,0,1000,200,75.7
2,0,1000,200,76.3
2,0,1000,200,83.0
2,0,1000,200,83.1
2,0,1000,200,81.7
2,0,1000,200,79.9
2,0,1000,200,87.4
2,0,1000,200,91.1
2,0,1000,200,107.7
2,0,1000,200,107.1
2,0,1000,200,98.6
2,0,1000,200,97.7
2,0,1000,200,85.5
2,0,1000,200,83.9
2,0,1000,200,80.6
2,0,1000,200,86.8
2,0,1000,200,94.4
2,0,1000,200,105.3
2,0,1000,200,117.5
2,0,1000,200,106.5
2,0,1000,200,95.7
2,0,1000,200,83.4
2,0,1000,200,73.2
2,0,1000,200,71.2
2,0,1000,200,71.9
2,0,1000,200,85.2
2,0,1000,200,89.9
2,0,1000,200,91.5
2,0,1000,200,89.0
2,0,1000,200,73.8
2,0,1000,200,64.8
2,0,1000,200,67.8
2,0,1000,200,69.8
2,0,1000,200,68.4
2,0,1000,200,64.8
2,0,1000,200,59.9
2,0,1000,200,54.6
2,0,1000,200,60.1
2,0,1000,200,69.3
2,0,1000,200,74.3
2,0,1000,200,79.7
2,0,1000,200,82.0
2,0,1000,200,79.3
2,0,1000,200,72.2
2,0,1000,200,69.7
2,0,1000,200,64.4
2,0,1000,200,64.5
2,0,1000,200,70.8
2,0,1000,200,68.8
2,0,1000,200,68.5
2,0,1000,200,67.2
2,0,1000,200,69.0
2,0,1000,200,77.8
2,0,1000,200,80.9
2,0,1000,200,81.7
2,0,1000,200,84.5
2,0,1000,200,78.9
2,0,1000,200,82.9
2,0,1000,200,84.5
2,0,1000,200,72.6
2,0,1000,200,89.9
2,0,1000,200,86.1
2,0,1000,200,88.8
2,0,1000,200,97.6
2,0,1000,200,83.0
2,0,1000,200,78.5
2,0,1000,200,82.8
2,0,1000,200,87.1
2,0,1000,200,89.4
2,0,1000,200,89.9
2,0,1000,200,78.1
2,0,1000,200,70.8
2,0,1000,200,64.6
2,0,1000,200,67.1
2,0,1000,200,67.4
2,0,1000,200,77.9
2,0,1000,200,85.0
2,0,1000,200,85.3
2,0,1000,200,88.4
2,0,1000,200,76.0
2,0,1000,200,64.1
2,0,1000,200,62.5
2,0,1000,200,3985.1
2,0,1000,200,3925.1
3,0,1000,200,76.2
3,0,1000,200,69.2
3,0,1000,200,70.6
3,0,1000,200,61.7
3,0,1000,200,69.2
3,0,1000,200,63.2
3,0,1000,200,61.9
3,0,1000,200,67.0
3,0,1000,200,71.9
3,0,1000,200,77.5
3,0,1000,200,79.6
3,0,1000,200,81.2
3,0,1000,200,79.4
3,0,1000,200,77.2
3,0,1000,200,77.2
3,0,1000,200,76.2
3,0,1000,200,71.5
3,0,1000,200,72.5
3,0,1000,200,80.5
3,0,1000,200,86.7
3,0,1000,200,87.4
3,0,1000,200,94.6
3,0,1000,200,97.3
3,0,1000,200,98.5
3,0,1000,200,93.6
3,0,1000,200,92.7
3,0,1000,200,91.3
3,0,1000,200,88.9
3,0,1000,200,82.5
3,0,1000,200,86.6
3,0,1000,200,88.7
3,0,1000,200,87.2
3,0,1000,200,89.2
3,0,1000,200,91.0
3,0,1000,200,107.8
3,0,1000,200,107.5
3,0,1000,200,118.3
3,0,1000,200,131.9
3,0,1000,200,140.3
3,0,1000,200,125.4
3,0,1000,200,124.3
3,0,1000,200,116.1
3,0,1000,200,101.0
3,0,1000,200,91.7
3,0,1000,200,83.9
3,0,1000,200,83.0
3,0,1000,200,76.1
3,0,1000,200,77.1
3,0,1000,200,73.0
3,0,1000,200,67.6
3,0,1000,200,71.2
3,0,1000,200,71.9
3,0,1000,200,63.6
3,0,1000,200,66.9
3,0,1000,200,62.7
3,0,1000,200,62.8
3,0,1000,200,1074.1
3,0,1000,200,61.3
3,0,1000,200,61.7
3,0,1000,200,63.4
3,0,1000,200,75.4
3,0,1000,200,78.4
3,0,1000,200,82.5
3,0,1000,200,84.3
3,0,1000,200,87.9
3,0,1000,200,92.8
3,0,1000,200,93.5
3,0,1000,200,94.6
3,0,1000,200,88.7
3,0,1000,200,84.2
3,0,1000,200,83.7
3,0,1000,200,79.5
3,0,1000,200,81.9
3,0,1000,200,83.3
3,0,1000,200,82.5
3,0,1000,200,82.6
3,0,1000,200,76.3
3,0,1000,200,75.2
3,0,1000,200,79.6
3,0,1000,200,93.8
3,0,1000,200,90.0
3,0,1000,200,93.1
3,0,1000,200,96.4
3,0,1000,200,85.3
3,0,1000,200,91.2
3,0,1000,200,89.0
3,0,1000,200,79.9
3,0,1000,200,79.8
3,0,1000,200,80.2
3,0,1000,200,79.2
3,0,1000,200,82.9
3,0,1000,200,79.1
3,0,1000,200,78.7
3,0,1000,200,80.0
3,0,1000,200,79.5
3,0,1000,200,82.7
3,0,1000,200,78.8
3,0,1000,200,77.9
3,0,1000,200,78.5
3,0,1000,200,89.6
3,0,1000,200,91.7
3,0,1000,200,91.1
3,0,1000,200,86.1
3,0,1000,200,76.1
3,0,1000,200,77.9
3,0,1000,200,80.5
3,0,1000,200,85.0
3,0,1000,200,84.8
3,0,1000,200,83.7
3,0,1000,200,82.7
3,0,1000,200,82.9
3,0,1000,200,79.8
3,0,1000,200,81.6
3,0,1000,200,78.7
3,0,1000,200,73.0
3,0,1000,200,71.2
3,0,1000,200,68.4
3,0,1000,200,70.1
3,0,1000,200,71.4
3,0,1000,200,75.9
3,0,1000,200,75.5
3,0,1000,200,71.6
3,0,1000,200,73.7
3,0,1000,200,73.0
3,0,1000,200,71.7
3,0,1000,200,78.9
3,0,1000,200,82.9
3,0,1000,200,95.3
3,0,1000,200,99.9
3,0,1000,200,94.6
3,0,1000,200,90.0
3,0,1000,200,68.2
3,0,1000,200,61.2
3,0,1000,200,59.4
3,0,1000,200,67.2
3,0,1000,200,71.4
3,0,1000,200,69.6
3,0,1000,200,74.1
3,0,1000,200,67.4
3,0,1000,200,67.2
3,0,1000,200,71.3
3,0,1000,200,64.8
3,0,1000,200,65.3
3,0,1000,200,69.4
3,0,1000,200,69.0
3,0,1000,200,69.7
3,0,1000,200,67.2
3,0,1000,200,61.9
3,0,1000,200,56.3
3,0,1000,200,57.7
3,0,1000,200,54.2
3,0,1000,200,59.0
3,0,1000,200,62.3
3,0,1000,200,60.7
3,0,1000,200,61.8
3,0,1000,200,60.0
3,0,1000,200,63.8
3,0,1000,200,67.1
3,0,1000,200,68.4
3,0,1000,200,68.8
3,0,1000,200,66.8
3,0,1000,200,62.7
3,0,1000,200,61.4
3,0,1000,200,71.9
3,0,1000,200,75.0
3,0,1000,200,78.4
3,0,1000,200,77.7
3,0,1000,200,65.1
3,0,1000,200,68.0
3,0,1000,200,68.6
3,0,1000,200,66.0
3,0,1000,200,65.4
3,0,1000,200,55.7
3,0,1000,200,54.6
3,0,1000,200,61.9
3,0,1000,200,71.2
3,0,1000,200,76.5
3,0,1000,200,73.8
3,0,1000,200,71.8
3,0,1000,200,65.2
3,0,1000,200,71.7
3,0,1000,200,77.8
3,0,1000,200,79.6
3,0,1000,200,81.8
3,0,1000,200,83.8
3,0,1000,200,84.9
3,0,1000,200,90.5
3,0,1000,200,98.8
3,0,1000,200,93.4
3,0,1000,200,93.4
3,0,1000,200,95.9
3,0,1000,200,99.6
3,0,1000,200,99.7
3,0,1000,200,96.5
3,0,1000,200,84.5
3,0,1000,200,67.8
3,0,1000,200,3693.6
3,0,1000,200,3646.4
3,0,1000,200,2815.6
3,0,1000,200,2793.8
1,250,1000,200,269.8
1,250,1000,200,269.1
1,250,1000,200,276.7
1,250,1000,200,290.0
1,250,1000,200,294.8
1,250,1000,200,287.1
1,250,1000,200,298.1
1,250,1000,200,328.7
1,250,1000,200,325.9
1,250,1000,200,335.5
1,250,1000,200,277.8
1,250,1000,200,275.9
1,250,1000,200,275.9
1,250,1000,200,285.1
1,250,1000,200,282.9
1,250,1000,200,284.7
1,250,1000,200,283.4
1,250,1000,200,293.7
1,250,1000,200,299.5
1,250,1000,200,297.3
1,250,1000,200,280.4
1,250,1000,200,282.7
1,250,1000,200,285.0
1,250,1000,200,284.0
1,250,1000,200,278.3
1,250,1000,200,279.0
1,250,1000,200,282.1
1,250,1000,200,272.3
1,250,1000,200,281.3
1,250,1000,200,289.7
1,250,1000,200,277.4
1,250,1000,200,277.1
1,250,1000,200,278.8
1,250,1000,200,278.4
1,250,1000,200,281.5
1,250,1000,200,282.8
1,250,1000,200,284.4
1,250,1000,200,283.5
1,250,1000,200,284.2
1,250,1000,200,281.1
1,250,1000,200,285.6
1,250,1000,200,277.5
1,250,1000,200,273.7
1,250,1000,200,281.9
1,250,1000,200,278.1
1,250,1000,200,283.0
1,250,1000,200,298.7
1,250,1000,200,306.5
1,250,1000,200,297.7
1,250,1000,200,302.5
1,250,1000,200,285.5
1,250,1000,200,282.4
1,250,1000,200,279.6
1,250,1000,200,278.7
1,250,1000,200,284.1
1,250,1000,200,291.3
1,250,1000,200,292.5
1,250,1000,200,286.1
1,250,1000,200,290.4
1,250,1000,200,285.6
1,250,1000,200,273.2
1,250,1000,200,277.5
1,250,1000,200,276.9
1,250,1000,200,279.1
1,250,1000,200,276.6
1,250,1000,200,277.8
1,250,1000,200,270.5
1,250,1000,200,276.4
1,250,1000,200,274.3
1,250,1000,200,280.9
1,250,1000,200,279.2
1,250,1000,200,282.4
1,250,1000,200,279.7
1,250,1000,200,278.8
1,250,1000,200,275.6
1,250,1000,200,283.3
1,250,1000,200,275.8
1,250,1000,200,269.1
1,250,1000,200,293.5
1,250,1000,200,283.2
1,250,1000,200,279.0
1,250,1000,200,278.4
1,250,1000,200,276.2
1,250,1000,200,273.8
1,250,1000,200,286.0
1,250,1000,200,281.0
1,250,1000,200,286.3
1,250,1000,200,288.3
1,250,1000,200,280.0
1,250,1000,200,281.5
1,250,1000,200,278.1
1,250,1000,200,270.1
1,250,1000,200,271.5
1,250,1000,200,287.1
1,250,1000,200,275.9
1,250,1000,200,286.6
1,250,1000,200,273.8
1,250,1000,200,279.4
1,250,1000,200,277.7
1,250,1000,200,280.5
1,250,1000,200,271.7
1,250,1000,200,266.1
1,250,1000,200,269.2
1,250,1000,200,270.0
1,250,1000,200,269.7
1,250,1000,200,263.9
1,250,1000,200,271.2
1,250,1000,200,270.9
1,250,1000,200,268.4
1,250,1000,200,271.3
1,250,1000,200,265.0
1,250,1000,200,266.8
1,250,1000,200,270.6
1,250,1000,200,273.1
1,250,1000,200,270.6
1,250,1000,200,267.5
1,250,1000,200,276.7
1,250,1000,200,268.2
1,250,1000,200,264.2
1,250,1000,200,266.4
1,250,1000,200,269.1
1,250,1000,200,272.2
1,250,1000,200,267.7
1,250,1000,200,266.3
1,250,1000,200,265.2
1,250,1000,200,274.9
1,250,1000,200,273.1
1,250,1000,200,274.6
1,250,1000,200,273.2
1,250,1000,200,272.2
1,250,1000,200,270.9
1,250,1000,200,265.8
1,250,1000,200,264.5
1,250,1000,200,266.5
1,250,1000,200,274.2
1,250,1000,200,265.5
1,250,1000,200,274.3
1,250,1000,200,270.1
1,250,1000,200,278.7
1,250,1000,200,275.5
1,250,1000,200,264.5
1,250,1000,200,264.7
1,250,1000,200,270.2
1,250,1000,200,275.6
1,250,1000,200,270.3
1,250,1000,200,270.4
1,250,1000,200,268.4
1,250,1000,200,276.1
1,250,1000,200,281.9
1,250,1000,200,276.7
1,250,1000,200,269.0
1,250,1000,200,269.3
1,250,1000,200,269.0
1,250,1000,200,269.7
1,250,1000,200,268.9
1,250,1000,200,265.3
1,250,1000,200,272.2
1,250,1000,200,274.6
1,250,1000,200,277.2
1,250,1000,200,272.7
1,250,1000,200,266.0
1,250,1000,200,266.4
1,250,1000,200,265.4
1,250,1000,200,276.1
1,250,1000,200,270.1
1,250,1000,200,265.0
1,250,1000,200,272.3
1,250,1000,200,278.7
1,250,1000,200,267.7
1,250,1000,200,271.3
1,250,1000,200,272.0
1,250,1000,200,286.2
1,250,1000,200,277.9
1,250,1000,200,265.8
1,250,1000,200,266.0
1,250,1000,200,263.6
1,250,1000,200,270.9
1,250,1000,200,265.0
1,250,1000,200,270.8
1,250,1000,200,274.4
1,250,1000,200,281.9
1,250,1000,200,273.4
1,250,1000,200,268.8
1,250,1000,200,270.0
1,250,1000,200,274.1
1,250,1000,200,269.3
1,250,1000,200,271.2
1,250,1000,200,272.4
1,250,1000,200,283.8
1,250,1000,200,298.1
1,250,1000,200,294.3
1,250,1000,200,286.8
1,250,1000,200,280.3
1,250,1000,200,273.5
1,250,1000,200,274.6
1,250,1000,200,271.5
1,250,1000,200,267.9
1,250,1000,200,269.6
1,250,1000,200,292.9
1,250,1000,200,284.7
2,250,1000,200,265.1
2,250,1000,200,265.2
2,250,1000,200,267.6
2,250,1000,200,267.5
2,250,1000,200,264.0
2,250,1000,200,267.1
2,250,1000,200,265.2
2,250,1000,200,277.9
2,250,1000,200,283.0
2,250,1000,200,290.9
2,250,1000,200,269.4
2,250,1000,200,268.0
2,250,1000,200,267.1
2,250,1000,200,264.8
2,250,1000,200,266.3
2,250,1000,200,263.0
2,250,1000,200,266.5
2,250,1000,200,269.8
2,250,1000,200,270.2
2,250,1000,200,277.9
2,250,1000,200,264.7
2,250,1000,200,265.2
2,250,1000,200,264.0
2,250,1000,200,264.2
2,250,1000,200,265.1
2,250,1000,200,266.1
2,250,1000,200,263.1
2,250,1000,200,265.4
2,250,1000,200,282.8
2,250,1000,200,279.0
2,250,1000,200,274.1
2,250,1000,200,289.8
2,250,1000,200,285.2
2,250,1000,200,282.8
2,250,1000,200,273.8
2,250,1000,200,271.6
2,250,1000,200,271.5
2,250,1000,200,262.5
2,250,1000,200,270.9
2,250,1000,200,271.7
2,250,1000,200,284.5
2,250,1000,200,277.1
2,250,1000,200,279.5
2,250,1000,200,275.6
2,250,1000,200,272.7
2,250,1000,200,277.6
2,250,1000,200,298.6
2,250,1000,200,268.2
2,250,1000,200,268.2
2,250,1000,200,267.8
2,250,1000,200,273.7
2,250,1000,200,266.7
2,250,1000,200,265.2
2,250,1000,200,270.0
2,250,1000,200,278.3
2,250,1000,200,269.9
2,250,1000,200,276.7
2,250,1000,200,276.5
2,250,1000,200,263.4
2,250,1000,200,268.5
2,250,1000,200,267.5
2,250,1000,200,267.0
2,250,1000,200,266.7
2,250,1000,200,268.6
2,250,1000,200,270.2
2,250,1000,200,280.4
2,250,1000,200,297.1
2,250,1000,200,301.4
2,250,1000,200,289.5
2,250,1000,200,280.7
2,250,1000,200,275.6
2,250,1000,200,284.0
2,250,1000,200,282.4
2,250,1000,200,272.8
2,250,1000,200,270.4
2,250,1000,200,275.1
2,250,1000,200,288.1
2,250,1000,200,295.7
2,250,1000,200,292.1
2,250,1000,200,302.6
2,250,1000,200,275.9
2,250,1000,200,282.2
2,250,1000,200,284.8
2,250,1000,200,279.0
2,250,1000,200,281.2
2,250,1000,200,273.7
2,250,1000,200,284.9
2,250,1000,200,287.9
2,250,1000,200,296.5
2,250,1000,200,311.1
2,250,1000,200,265.0
2,250,1000,200,303.1
2,250,1000,200,321.1
2,250,1000,200,319.5
2,250,1000,200,307.9
2,250,1000,200,294.6
2,250,1000,200,274.2
2,250,1000,200,278.8
2,250,1000,200,269.4
2,250,1000,200,280.9
2,250,1000,200,262.2
2,250,1000,200,282.5
2,250,1000,200,271.6
2,250,1000,200,276.1
2,250,1000,200,284.5
2,250,1000,200,290.2
2,250,1000,200,268.3
2,250,1000,200,258.7
2,250,1000,200,266.6
2,250,1000,200,272.2
2,250,1000,200,274.6
2,250,1000,200,265.6
2,250,1000,200,261.7
2,250,1000,200,267.9
2,250,1000,200,270.9
2,250,1000,200,270.3
2,250,1000,200,276.7
2,250,1000,200,279.2
2,250,1000,200,273.9
2,250,1000,200,279.7
2,250,1000,200,272.0
2,250,1000,200,260.3
2,250,1000,200,277.1
2,250,1000,200,278.2
2,250,1000,200,277.7
2,250,1000,200,288.4
2,250,1000,200,290.1
2,250,1000,200,276.1
2,250,1000,200,271.8
2,250,1000,200,272.8
2,250,1000,200,263.6
2,250,1000,200,283.2
2,250,1000,200,287.6
2,250,1000,200,294.7
2,250,1000,200,286.7
2,250,1000,200,286.8
2,250,1000,200,276.8
2,250,1000,200,281.1
2,250,1000,200,274.7
2,250,1000,200,266.5
2,250,1000,200,264.2
2,250,1000,200,282.7
2,250,1000,200,275.7
2,250,1000,200,276.3
2,250,1000,200,279.1
2,250,1000,200,271.8
2,250,1000,200,277.2
2,250,1000,200,270.1
2,250,1000,200,262.0
2,250,1000,200,264.6
2,250,1000,200,260.6
2,250,1000,200,268.2
2,250,1000,200,262.7
2,250,1000,200,263.8
2,250,1000,200,266.9
2,250,1000,200,269.6
2,250,1000,200,268.2
2,250,1000,200,273.5
2,250,1000,200,273.3
2,250,1000,200,266.9
2,250,1000,200,262.2
2,250,1000,200,272.1
2,250,1000,200,279.0
2,250,1000,200,285.4
2,250,1000,200,294.0
2,250,1000,200,288.1
2,250,1000,200,294.2
2,250,1000,200,290.2
2,250,1000,200,285.0
2,250,1000,200,295.6
2,250,1000,200,270.0
2,250,1000,200,276.3
2,250,1000,200,286.7
2,250,1000,200,279.1
2,250,1000,200,282.6
2,250,1000,200,292.2
2,250,1000,200,284.3
2,250,1000,200,285.6
2,250,1000,200,278.5
2,250,1000,200,291.5
2,250,1000,200,265.1
2,250,1000,200,264.9
2,250,1000,200,277.8
2,250,1000,200,278.5
2,250,1000,200,276.4
2,250,1000,200,271.9
2,250,1000,200,285.6
2,250,1000,200,276.9
2,250,1000,200,278.0
2,250,1000,200,280.1
2,250,1000,200,269.6
2,250,1000,200,269.2
2,250,1000,200,276.5
2,250,1000,200,275.8
2,250,1000,200,269.0
2,250,1000,200,266.4
2,250,1000,200,269.9
2,250,1000,200,275.0
2,250,1000,200,274.5
2,250,1000,200,268.6
3,250,1000,200,279.2
3,250,1000,200,279.5
3,250,1000,200,283.0
3,250,1000,200,305.2
3,250,1000,200,281.3
3,250,1000,200,300.4
3,250,1000,200,311.2
3,250,1000,200,326.9
3,250,1000,200,309.0
3,250,1000,200,326.1
3,250,1000,200,261.0
3,250,1000,200,262.7
3,250,1000,200,266.7
3,250,1000,200,268.9
3,250,1000,200,272.2
3,250,1000,200,282.9
3,250,1000,200,281.4
3,250,1000,200,290.7
3,250,1000,200,290.4
3,250,1000,200,292.6
3,250,1000,200,263.8
3,250,1000,200,263.3
3,250,1000,200,262.4
3,250,1000,200,271.6
3,250,1000,200,276.2
3,250,1000,200,275.8
3,250,1000,200,288.4
3,250,1000,200,296.2
3,250,1000,200,289.9
3,250,1000,200,302.9
3,250,1000,200,270.6
3,250,1000,200,271.5
3,250,1000,200,272.9
3,250,1000,200,264.7
3,250,1000,200,262.1
3,250,1000,200,265.2
3,250,1000,200,268.1
3,250,1000,200,267.6
3,250,1000,200,276.6
3,250,1000,200,281.8
3,250,1000,200,270.3
3,250,1000,200,270.9
3,250,1000,200,266.4
3,250,1000,200,263.7
3,250,1000,200,263.2
3,250,1000,200,263.4
3,250,1000,200,265.6
3,250,1000,200,270.4
3,250,1000,200,266.3
3,250,1000,200,265.4
3,250,1000,200,262.4
3,250,1000,200,266.4
3,250,1000,200,268.8
3,250,1000,200,268.9
3,250,1000,200,272.3
3,250,1000,200,268.5
3,250,1000,200,263.7
3,250,1000,200,262.4
3,250,1000,200,266.9
3,250,1000,200,263.4
3,250,1000,200,264.7
3,250,1000,200,262.8
3,250,1000,200,262.9
3,250,1000,200,269.6
3,250,1000,200,272.6
3,250,1000,200,264.9
3,250,1000,200,260.6
3,250,1000,200,263.2
3,250,1000,200,263.1
3,250,1000,200,267.3
3,250,1000,200,263.6
3,250,1000,200,267.6
3,250,1000,200,273.2
3,250,1000,200,261.9
3,250,1000,200,263.8
3,250,1000,200,264.1
3,250,1000,200,266.8
3,250,1000,200,261.8
3,250,1000,200,273.0
3,250,1000,200,275.8
3,250,1000,200,260.7
3,250,1000,200,273.3
3,250,1000,200,267.3
3,250,1000,200,270.8
3,250,1000,200,271.0
3,250,1000,200,272.8
3,250,1000,200,270.2
3,250,1000,200,264.6
3,250,1000,200,268.0
3,250,1000,200,263.0
3,250,1000,200,267.9
3,250,1000,200,260.9
3,250,1000,200,261.3
3,250,1000,200,269.6
3,250,1000,200,271.0
3,250,1000,200,273.2
3,250,1000,200,275.7
3,250,1000,200,273.1
3,250,1000,200,265.2
3,250,1000,200,265.2
3,250,1000,200,263.7
3,250,1000,200,265.2
3,250,1000,200,262.8
3,250,1000,200,263.7
3,250,1000,200,272.6
3,250,1000,200,270.3
3,250,1000,200,267.2
3,250,1000,200,282.7
3,250,1000,200,277.1
3,250,1000,200,279.7
3,250,1000,200,263.3
3,250,1000,200,262.2
3,250,1000,200,262.9
3,250,1000,200,270.7
3,250,1000,200,269.3
3,250,1000,200,276.2
3,250,1000,200,275.8
3,250,1000,200,276.4
3,250,1000,200,270.8
3,250,1000,200,271.1
3,250,1000,200,265.9
3,250,1000,200,263.8
3,250,1000,200,263.4
3,250,1000,200,264.3
3,250,1000,200,268.7
3,250,1000,200,270.8
3,250,1000,200,276.4
3,250,1000,200,269.5
3,250,1000,200,272.5
3,250,1000,200,269.4
3,250,1000,200,264.2
3,250,1000,200,261.9
3,250,1000,200,262.5
3,250,1000,200,270.4
3,250,1000,200,267.5
3,250,1000,200,265.0
3,250,1000,200,270.4
3,250,1000,200,274.0
3,250,1000,200,265.0
3,250,1000,200,266.3
3,250,1000,200,261.9
3,250,1000,200,264.8
3,250,1000,200,261.8
3,250,1000,200,269.9
3,250,1000,200,268.0
3,250,1000,200,273.0
3,250,1000,200,269.4
3,250,1000,200,266.6
3,250,1000,200,265.7
3,250,1000,200,267.5
3,250,1000,200,266.0
3,250,1000,200,270.4
3,250,1000,200,267.8
3,250,1000,200,263.5
3,250,1000,200,262.6
3,250,1000,200,261.8
3,250,1000,200,269.3
3,250,1000,200,269.8
3,250,1000,200,276.6
3,250,1000,200,273.3
3,250,1000,200,265.6
3,250,1000,200,264.1
3,250,1000,200,265.3
3,250,1000,200,264.6
3,250,1000,200,267.5
3,250,1000,200,266.6
3,250,1000,200,272.5
3,250,1000,200,269.5
3,250,1000,200,278.7
3,250,1000,200,287.4
3,250,1000,200,279.3
3,250,1000,200,263.7
3,250,1000,200,262.6
3,250,1000,200,266.7
3,250,1000,200,275.5
3,250,1000,200,270.5
3,250,1000,200,287.2
3,250,1000,200,281.1
3,250,1000,200,276.8
3,250,1000,200,274.2
3,250,1000,200,274.8
3,250,1000,200,261.9
3,250,1000,200,262.3
3,250,1000,200,266.9
3,250,1000,200,271.8
3,250,1000,200,284.2
3,250,1000,200,276.4
3,250,1000,200,270.5
3,250,1000,200,264.4
3,250,1000,200,264.4
3,250,1000,200,268.2
3,250,1000,200,263.8
3,250,1000,200,261.5
3,250,1000,200,271.7
3,250,1000,200,266.6
3,250,1000,200,268.1
3,250,1000,200,267.3
3,250,1000,200,265.0
3,250,1000,200,268.7
3,250,1000,200,268.3
1,500,1000,200,519.5
1,500,1000,200,523.4
1,500,1000,200,527.7
1,500,1000,200,544.1
1,500,1000,200,540.5
1,500,1000,200,555.6
1,500,1000,200,547.2
1,500,1000,200,586.3
1,500,1000,200,592.4
1,500,1000,200,576.7
1,500,1000,200,520.8
1,500,1000,200,525.2
1,500,1000,200,526.2
1,500,1000,200,516.2
1,500,1000,200,519.4
1,500,1000,200,527.4
1,500,1000,200,524.1
1,500,1000,200,521.2
1,500,1000,200,523.3
1,500,1000,200,524.9
1,500,1000,200,520.2
1,500,1000,200,521.3
1,500,1000,200,522.5
1,500,1000,200,517.4
1,500,1000,200,529.1
1,500,1000,200,519.9
1,500,1000,200,523.0
1,500,1000,200,524.4
1,500,1000,200,515.6
1,500,1000,200,526.4
1,500,1000,200,521.9
1,500,1000,200,516.8
1,500,1000,200,517.5
1,500,1000,200,523.7
1,500,1000,200,523.5
1,500,1000,200,531.2
1,500,1000,200,525.5
1,500,1000,200,525.7
1,500,1000,200,528.5
1,500,1000,200,525.6
1,500,1000,200,524.8
1,500,1000,200,523.9
1,500,1000,200,524.8
1,500,1000,200,525.6
1,500,1000,200,523.7
1,500,1000,200,518.2
1,500,1000,200,525.2
1,500,1000,200,522.5
1,500,1000,200,518.3
1,500,1000,200,525.5
1,500,1000,200,517.4
1,500,1000,200,523.4
1,500,1000,200,513.9
1,500,1000,200,515.3
1,500,1000,200,518.7
1,500,1000,200,518.2
1,500,1000,200,518.4
1,500,1000,200,518.0
1,500,1000,200,517.6
1,500,1000,200,526.0
1,500,1000,200,516.2
1,500,1000,200,513.9
1,500,1000,200,513.4
1,500,1000,200,521.0
1,500,1000,200,521.5
1,500,1000,200,524.3
1,500,1000,200,517.1
1,500,1000,200,518.2
1,500,1000,200,521.9
1,500,1000,200,523.0
1,500,1000,200,513.7
1,500,1000,200,524.7
1,500,1000,200,536.6
1,500,1000,200,518.4
1,500,1000,200,522.6
1,500,1000,200,531.3
1,500,1000,200,533.5
1,500,1000,200,529.5
1,500,1000,200,517.3
1,500,1000,200,528.1
1,500,1000,200,517.5
1,500,1000,200,539.3
1,500,1000,200,545.1
1,500,1000,200,541.5
1,500,1000,200,535.1
1,500,1000,200,530.8
1,500,1000,200,538.9
1,500,1000,200,538.6
1,500,1000,200,537.5
1,500,1000,200,537.1
1,500,1000,200,524.9
1,500,1000,200,533.1
1,500,1000,200,526.2
1,500,1000,200,547.7
1,500,1000,200,528.1
1,500,1000,200,530.0
1,500,1000,200,527.5
1,500,1000,200,531.0
1,500,1000,200,531.5
1,500,1000,200,533.0
1,500,1000,200,522.0
1,500,1000,200,519.4
1,500,1000,200,519.9
1,500,1000,200,520.4
1,500,1000,200,520.9
1,500,1000,200,516.8
1,500,1000,200,518.4
1,500,1000,200,525.6
1,500,1000,200,528.4
1,500,1000,200,529.5
1,500,1000,200,518.3
1,500,1000,200,517.5
1,500,1000,200,514.1
1,500,1000,200,519.2
1,500,1000,200,527.1
1,500,1000,200,522.7
1,500,1000,200,515.6
1,500,1000,200,524.9
1,500,1000,200,519.5
1,500,1000,200,523.1
1,500,1000,200,521.9
1,500,1000,200,519.9
1,500,1000,200,522.4
1,500,1000,200,525.6
1,500,1000,200,524.7
1,500,1000,200,525.4
1,500,1000,200,527.2
1,500,1000,200,517.6
1,500,1000,200,521.2
1,500,1000,200,520.5
1,500,1000,200,521.5
1,500,1000,200,520.0
1,500,1000,200,520.4
1,500,1000,200,523.5
1,500,1000,200,523.7
1,500,1000,200,537.7
1,500,1000,200,579.9
1,500,1000,200,576.9
1,500,1000,200,561.6
1,500,1000,200,581.1
1,500,1000,200,514.7
1,500,1000,200,514.3
1,500,1000,200,530.4
1,500,1000,200,539.2
1,500,1000,200,544.2
1,500,1000,200,561.7
1,500,1000,200,540.5
1,500,1000,200,547.0
1,500,1000,200,542.6
1,500,1000,200,558.9
1,500,1000,200,520.1
1,500,1000,200,513.7
1,500,1000,200,543.7
1,500,1000,200,533.5
1,500,1000,200,521.1
1,500,1000,200,515.4
1,500,1000,200,524.2
1,500,1000,200,538.3
1,500,1000,200,537.8
1,500,1000,200,549.2
1,500,1000,200,519.5
1,500,1000,200,517.0
1,500,1000,200,516.0
1,500,1000,200,513.9
1,500,1000,200,517.0
1,500,1000,200,520.0
1,500,1000,200,521.0
1,500,1000,200,524.8
1,500,1000,200,522.3
1,500,1000,200,521.6
1,500,1000,200,512.4
1,500,1000,200,511.4
1,500,1000,200,515.7
1,500,1000,200,517.4
1,500,1000,200,518.5
1,500,1000,200,521.9
1,500,1000,200,517.4
1,500,1000,200,512.7
1,500,1000,200,514.5
1,500,1000,200,523.6
1,500,1000,200,515.8
1,500,1000,200,512.2
1,500,1000,200,524.4
1,500,1000,200,514.7
1,500,1000,200,517.5
1,500,1000,200,518.6
1,500,1000,200,514.5
1,500,1000,200,520.7
1,500,1000,200,520.7
1,500,1000,200,521.5
1,500,1000,200,521.3
1,500,1000,200,515.9
1,500,1000,200,517.5
1,500,1000,200,511.8
1,500,1000,200,515.8
1,500,1000,200,519.7
1,500,1000,200,518.4
1,500,1000,200,519.5
1,500,1000,200,518.9
1,500,1000,200,520.9
2,500,1000,200,521.5
2,500,1000,200,538.4
2,500,1000,200,550.2
2,500,1000,200,547.8
2,500,1000,200,547.1
2,500,1000,200,544.3
2,500,1000,200,542.5
2,500,1000,200,535.9
2,500,1000,200,534.0
2,500,1000,200,543.8
2,500,1000,200,525.2
2,500,1000,200,528.1
2,500,1000,200,527.1
2,500,1000,200,531.6
2,500,1000,200,531.8
2,500,1000,200,524.2
2,500,1000,200,533.1
2,500,1000,200,545.7
2,500,1000,200,569.7
2,500,1000,200,585.0
2,500,1000,200,515.9
2,500,1000,200,513.2
2,500,1000,200,513.8
2,500,1000,200,512.3
2,500,1000,200,509.6
2,500,1000,200,518.2
2,500,1000,200,521.6
2,500,1000,200,535.1
2,500,1000,200,540.1
2,500,1000,200,536.9
2,500,1000,200,509.6
2,500,1000,200,510.5
2,500,1000,200,511.5
2,500,1000,200,507.9
2,500,1000,200,510.2
2,500,1000,200,514.2
2,500,1000,200,511.8
2,500,1000,200,520.2
2,500,1000,200,517.7
2,500,1000,200,519.5
2,500,1000,200,511.9
2,500,1000,200,513.7
2,500,1000,200,513.3
2,500,1000,200,509.1
2,500,1000,200,509.0
2,500,1000,200,512.4
2,500,1000,200,508.8
2,500,1000,200,514.2
2,500,1000,200,516.9
2,500,1000,200,523.0
2,500,1000,200,520.2
2,500,1000,200,516.7
2,500,1000,200,514.8
2,500,1000,200,512.6
2,500,1000,200,512.0
2,500,1000,200,512.5
2,500,1000,200,516.0
2,500,1000,200,520.8
2,500,1000,200,523.3
2,500,1000,200,517.5
2,500,1000,200,520.1
2,500,1000,200,515.3
2,500,1000,200,514.6
2,500,1000,200,517.2
2,500,1000,200,515.4
2,500,1000,200,515.7
2,500,1000,200,512.7
2,500,1000,200,516.6
2,500,1000,200,519.0
2,500,1000,200,526.8
2,500,1000,200,515.8
2,500,1000,200,516.5
2,500,1000,200,515.2
2,500,1000,200,519.8
2,500,1000,200,517.4
2,500,1000,200,514.7
2,500,1000,200,513.4
2,500,1000,200,517.6
2,500,1000,200,522.6
2,500,1000,200,522.6
2,500,1000,200,513.4
2,500,1000,200,524.2
2,500,1000,200,533.3
2,500,1000,200,539.8
2,500,1000,200,552.7
2,500,1000,200,543.5
2,500,1000,200,536.3
2,500,1000,200,509.3
2,500,1000,200,513.8
2,500,1000,200,514.5
2,500,1000,200,517.5
2,500,1000,200,527.6
2,500,1000,200,525.2
2,500,1000,200,537.8
2,500,1000,200,535.9
2,500,1000,200,532.0
2,500,1000,200,531.5
2,500,1000,200,513.1
2,500,1000,200,514.8
2,500,1000,200,512.9
2,500,1000,200,518.5
2,500,1000,200,514.2
2,500,1000,200,515.5
2,500,1000,200,513.0
2,500,1000,200,518.5
2,500,1000,200,516.5
2,500,1000,200,529.3
2,500,1000,200,519.6
2,500,1000,200,514.9
2,500,1000,200,514.8
2,500,1000,200,528.5
2,500,1000,200,530.2
2,500,1000,200,524.6
2,500,1000,200,518.7
2,500,1000,200,523.3
2,500,1000,200,524.5
2,500,1000,200,523.4
2,500,1000,200,534.1
2,500,1000,200,517.1
2,500,1000,200,514.0
2,500,1000,200,527.9
2,500,1000,200,520.8
2,500,1000,200,517.6
2,500,1000,200,521.8
2,500,1000,200,525.7
2,500,1000,200,521.8
2,500,1000,200,520.0
2,500,1000,200,528.9
2,500,1000,200,526.5
2,500,1000,200,527.9
2,500,1000,200,510.4
2,500,1000,200,511.9
2,500,1000,200,510.5
2,500,1000,200,513.4
2,500,1000,200,518.6
2,500,1000,200,527.3
2,500,1000,200,522.4
2,500,1000,200,533.5
2,500,1000,200,534.3
2,500,1000,200,532.3
2,500,1000,200,517.4
2,500,1000,200,517.5
2,500,1000,200,511.3
2,500,1000,200,512.4
2,500,1000,200,519.8
2,500,1000,200,521.9
2,500,1000,200,528.0
2,500,1000,200,524.4
2,500,1000,200,516.2
2,500,1000,200,530.6
2,500,1000,200,520.2
2,500,1000,200,516.0
2,500,1000,200,518.4
2,500,1000,200,514.0
2,500,1000,200,524.7
2,500,1000,200,529.8
2,500,1000,200,532.5
2,500,1000,200,536.5
2,500,1000,200,536.8
2,500,1000,200,537.8
2,500,1000,200,526.2
2,500,1000,200,516.8
2,500,1000,200,521.5
2,500,1000,200,515.5
2,500,1000,200,528.6
2,500,1000,200,525.9
2,500,1000,200,531.8
2,500,1000,200,539.6
2,500,1000,200,538.2
2,500,1000,200,549.1
2,500,1000,200,527.5
2,500,1000,200,529.9
2,500,1000,200,523.8
2,500,1000,200,526.6
2,500,1000,200,524.4
2,500,1000,200,520.2
2,500,1000,200,529.0
2,500,1000,200,523.1
2,500,1000,200,512.2
2,500,1000,200,524.6
2,500,1000,200,531.7
2,500,1000,200,537.3
2,500,1000,200,542.1
2,500,1000,200,539.5
2,500,1000,200,521.0
2,500,1000,200,515.3
2,500,1000,200,516.2
2,500,1000,200,518.9
2,500,1000,200,523.1
2,500,1000,200,519.6
2,500,1000,200,522.9
2,500,1000,200,529.2
2,500,1000,200,532.2
2,500,1000,200,519.8
2,500,1000,200,521.8
2,500,1000,200,520.6
2,500,1000,200,522.2
2,500,1000,200,522.7
2,500,1000,200,517.1
2,500,1000,200,532.9
3,500,1000,200,528.7
3,500,1000,200,530.0
3,500,1000,200,546.8
3,500,1000,200,551.7
3,500,1000,200,555.2
3,500,1000,200,550.2
3,500,1000,200,550.3
3,500,1000,200,565.0
3,500,1000,200,557.9
3,500,1000,200,557.4
3,500,1000,200,513.6
3,500,1000,200,517.9
3,500,1000,200,527.9
3,500,1000,200,525.4
3,500,1000,200,528.3
3,500,1000,200,522.5
3,500,1000,200,535.0
3,500,1000,200,535.4
3,500,1000,200,557.2
3,500,1000,200,549.2
3,500,1000,200,516.8
3,500,1000,200,515.2
3,500,1000,200,519.0
3,500,1000,200,516.6
3,500,1000,200,515.6
3,500,1000,200,527.6
3,500,1000,200,522.3
3,500,1000,200,526.5
3,500,1000,200,521.5
3,500,1000,200,527.4
3,500,1000,200,513.6
3,500,1000,200,513.3
3,500,1000,200,528.2
3,500,1000,200,529.5
3,500,1000,200,520.8
3,500,1000,200,515.3
3,500,1000,200,516.4
3,500,1000,200,519.7
3,500,1000,200,520.1
3,500,1000,200,525.0
3,500,1000,200,519.8
3,500,1000,200,513.5
3,500,1000,200,524.5
3,500,1000,200,524.2
3,500,1000,200,520.9
3,500,1000,200,512.6
3,500,1000,200,514.7
3,500,1000,200,517.6
3,500,1000,200,519.2
3,500,1000,200,521.9
3,500,1000,200,518.0
3,500,1000,200,518.1
3,500,1000,200,515.3
3,500,1000,200,518.9
3,500,1000,200,513.9
3,500,1000,200,514.9
3,500,1000,200,517.1
3,500,1000,200,519.6
3,500,1000,200,518.3
3,500,1000,200,514.3
3,500,1000,200,522.8
3,500,1000,200,521.7
3,500,1000,200,515.9
3,500,1000,200,515.8
3,500,1000,200,517.3
3,500,1000,200,514.4
3,500,1000,200,514.2
3,500,1000,200,515.0
3,500,1000,200,512.5
3,500,1000,200,515.0
3,500,1000,200,515.5
3,500,1000,200,514.6
3,500,1000,200,514.4
3,500,1000,200,516.1
3,500,1000,200,518.6
3,500,1000,200,515.8
3,500,1000,200,511.8
3,500,1000,200,513.7
3,500,1000,200,514.5
3,500,1000,200,520.9
3,500,1000,200,515.3
3,500,1000,200,519.2
3,500,1000,200,516.1
3,500,1000,200,515.1
3,500,1000,200,520.7
3,500,1000,200,528.8
3,500,1000,200,531.2
3,500,1000,200,519.8
3,500,1000,200,531.6
3,500,1000,200,530.1
3,500,1000,200,517.9
3,500,1000,200,514.3
3,500,1000,200,515.3
3,500,1000,200,517.1
3,500,1000,200,523.6
3,500,1000,200,531.0
3,500,1000,200,543.0
3,500,1000,200,547.3
3,500,1000,200,545.2
3,500,1000,200,538.1
3,500,1000,200,512.7
3,500,1000,200,511.4
3,500,1000,200,520.2
3,500,1000,200,516.8
3,500,1000,200,519.0
3,500,1000,200,530.1
3,500,1000,200,532.1
3,500,1000,200,531.5
3,500,1000,200,526.7
3,500,1000,200,524.2
3,500,1000,200,514.1
3,500,1000,200,517.2
3,500,1000,200,519.1
3,500,1000,200,519.0
3,500,1000,200,514.8
3,500,1000,200,516.0
3,500,1000,200,516.0
3,500,1000,200,515.2
3,500,1000,200,518.0
3,500,1000,200,521.6
3,500,1000,200,521.2
3,500,1000,200,530.4
3,500,1000,200,516.2
3,500,1000,200,513.6
3,500,1000,200,519.7
3,500,1000,200,521.4
3,500,1000,200,521.5
3,500,1000,200,516.2
3,500,1000,200,522.1
3,500,1000,200,523.8
3,500,1000,200,525.9
3,500,1000,200,527.7
3,500,1000,200,520.3
3,500,1000,200,517.8
3,500,1000,200,513.8
3,500,1000,200,521.0
3,500,1000,200,515.1
3,500,1000,200,515.2
3,500,1000,200,516.2
3,500,1000,200,516.0
3,500,1000,200,523.8
3,500,1000,200,536.8
3,500,1000,200,519.2
3,500,1000,200,515.1
3,500,1000,200,516.7
3,500,1000,200,515.0
3,500,1000,200,520.1
3,500,1000,200,517.4
3,500,1000,200,512.0
3,500,1000,200,514.6
3,500,1000,200,516.2
3,500,1000,200,529.9
3,500,1000,200,519.1
3,500,1000,200,525.0
3,500,1000,200,525.1
3,500,1000,200,514.4
3,500,1000,200,525.4
3,500,1000,200,522.4
3,500,1000,200,513.8
3,500,1000,200,517.4
3,500,1000,200,517.2
3,500,1000,200,518.1
3,500,1000,200,524.1
3,500,1000,200,540.4
3,500,1000,200,535.7
3,500,1000,200,518.9
3,500,1000,200,516.5
3,500,1000,200,517.9
3,500,1000,200,519.2
3,500,1000,200,522.0
3,500,1000,200,521.7
3,500,1000,200,515.1
3,500,1000,200,543.3
3,500,1000,200,535.5
3,500,1000,200,527.7
3,500,1000,200,524.6
3,500,1000,200,515.7
3,500,1000,200,514.4
3,500,1000,200,511.8
3,500,1000,200,514.6
3,500,1000,200,516.2
3,500,1000,200,519.2
3,500,1000,200,528.2
3,500,1000,200,520.9
3,500,1000,200,520.4
3,500,1000,200,520.6
3,500,1000,200,512.4
3,500,1000,200,515.1
3,500,1000,200,514.0
3,500,1000,200,516.1
3,500,1000,200,519.4
3,500,1000,200,519.8
3,500,1000,200,520.6
3,500,1000,200,523.7
3,500,1000,200,518.4
3,500,1000,200,516.3
3,500,1000,200,516.4
3,500,1000,200,517.0
3,500,1000,200,515.4
3,500,1000,200,513.6
1,750,1000,200,774.4
1,750,1000,200,773.6
1,750,1000,200,804.5
1,750,1000,200,795.9
1,750,1000,200,821.6
1,750,1000,200,805.2
1,750,1000,200,863.3
1,750,1000,200,857.8
1,750,1000,200,877.0
1,750,1000,200,859.4
1,750,1000,200,759.5
1,750,1000,200,757.5
1,750,1000,200,767.6
1,750,1000,200,764.5
1,750,1000,200,785.9
1,750,1000,200,807.6
1,750,1000,200,805.7
1,750,1000,200,794.9
1,750,1000,200,814.8
1,750,1000,200,825.6
1,750,1000,200,762.9
1,750,1000,200,755.8
1,750,1000,200,757.8
1,750,1000,200,760.7
1,750,1000,200,761.8
1,750,1000,200,759.6
1,750,1000,200,763.7
1,750,1000,200,768.5
1,750,1000,200,764.5
1,750,1000,200,769.6
1,750,1000,200,760.8
1,750,1000,200,759.5
1,750,1000,200,755.8
1,750,1000,200,760.7
1,750,1000,200,764.4
1,750,1000,200,756.9
1,750,1000,200,760.2
1,750,1000,200,763.3
1,750,1000,200,763.7
1,750,1000,200,777.9
1,750,1000,200,759.9
1,750,1000,200,766.2
1,750,1000,200,762.3
1,750,1000,200,769.5
1,750,1000,200,764.4
1,750,1000,200,764.9
1,750,1000,200,761.6
1,750,1000,200,761.5
1,750,1000,200,762.6
1,750,1000,200,785.6
1,750,1000,200,776.4
1,750,1000,200,769.9
1,750,1000,200,766.2
1,750,1000,200,765.8
1,750,1000,200,759.2
1,750,1000,200,762.3
1,750,1000,200,761.4
1,750,1000,200,760.3
1,750,1000,200,776.8
1,750,1000,200,764.4
1,750,1000,200,768.7
1,750,1000,200,773.7
1,750,1000,200,778.2
1,750,1000,200,770.9
1,750,1000,200,770.1
1,750,1000,200,771.2
1,750,1000,200,763.8
1,750,1000,200,759.9
1,750,1000,200,760.1
1,750,1000,200,761.2
1,750,1000,200,764.8
1,750,1000,200,759.7
1,750,1000,200,760.3
1,750,1000,200,770.3
1,750,1000,200,768.9
1,750,1000,200,762.3
1,750,1000,200,765.2
1,750,1000,200,766.3
1,750,1000,200,761.0
1,750,1000,200,763.3
1,750,1000,200,761.4
1,750,1000,200,768.2
1,750,1000,200,762.5
1,750,1000,200,771.3
1,750,1000,200,761.0
1,750,1000,200,763.3
1,750,1000,200,772.9
1,750,1000,200,772.9
1,750,1000,200,762.1
1,750,1000,200,769.4
1,750,1000,200,769.3
1,750,1000,200,761.9
1,750,1000,200,762.7
1,750,1000,200,764.2
1,750,1000,200,765.3
1,750,1000,200,770.4
1,750,1000,200,768.5
1,750,1000,200,764.3
1,750,1000,200,764.5
1,750,1000,200,775.8
1,750,1000,200,761.8
1,750,1000,200,761.7
1,750,1000,200,761.8
1,750,1000,200,764.8
1,750,1000,200,766.5
1,750,1000,200,760.8
1,750,1000,200,765.3
1,750,1000,200,760.8
1,750,1000,200,763.8
1,750,1000,200,775.5
1,750,1000,200,774.6
1,750,1000,200,778.6
1,750,1000,200,773.5
1,750,1000,200,771.4
1,750,1000,200,767.2
1,750,1000,200,767.5
1,750,1000,200,775.6
1,750,1000,200,777.2
1,750,1000,200,768.7
1,750,1000,200,762.5
1,750,1000,200,775.9
1,750,1000,200,776.1
1,750,1000,200,775.4
1,750,1000,200,768.1
1,750,1000,200,774.9
1,750,1000,200,773.4
1,750,1000,200,766.0
1,750,1000,200,766.6
1,750,1000,200,763.7
1,750,1000,200,762.8
1,750,1000,200,782.9
1,750,1000,200,786.3
1,750,1000,200,781.4
1,750,1000,200,773.9
1,750,1000,200,768.3
1,750,1000,200,765.2
1,750,1000,200,768.0
1,750,1000,200,768.6
1,750,1000,200,762.7
1,750,1000,200,769.1
1,750,1000,200,779.1
1,750,1000,200,773.6
1,750,1000,200,770.4
1,750,1000,200,765.0
1,750,1000,200,768.2
1,750,1000,200,769.6
1,750,1000,200,767.7
1,750,1000,200,770.4
1,750,1000,200,766.7
1,750,1000,200,771.6
1,750,1000,200,770.0
1,750,1000,200,773.5
1,750,1000,200,764.6
1,750,1000,200,768.3
1,750,1000,200,777.5
1,750,1000,200,776.5
1,750,1000,200,769.1
1,750,1000,200,769.0
1,750,1000,200,767.0
1,750,1000,200,770.8
1,750,1000,200,771.8
1,750,1000,200,771.5
1,750,1000,200,768.6
1,750,1000,200,779.4
1,750,1000,200,785.3
1,750,1000,200,783.1
1,750,1000,200,772.5
1,750,1000,200,775.6
1,750,1000,200,782.0
1,750,1000,200,766.3
1,750,1000,200,778.0
1,750,1000,200,786.5
1,750,1000,200,774.7
1,750,1000,200,777.6
1,750,1000,200,768.1
1,750,1000,200,767.8
1,750,1000,200,782.8
1,750,1000,200,784.9
1,750,1000,200,781.2
1,750,1000,200,764.1
1,750,1000,200,777.0
1,750,1000,200,777.5
1,750,1000,200,770.1
1,750,1000,200,777.1
1,750,1000,200,773.7
1,750,1000,200,773.7
1,750,1000,200,772.1
1,750,1000,200,772.1
1,750,1000,200,767.1
1,750,1000,200,766.6
1,750,1000,200,769.5
1,750,1000,200,776.5
1,750,1000,200,774.8
1,750,1000,200,784.8
1,750,1000,200,778.0
1,750,1000,200,774.2
1,750,1000,200,765.2
1,750,1000,200,768.6
1,750,1000,200,766.3
1,750,1000,200,762.7
2,750,1000,200,769.1
2,750,1000,200,773.7
2,750,1000,200,770.9
2,750,1000,200,774.8
2,750,1000,200,779.7
2,750,1000,200,784.1
2,750,1000,200,792.5
2,750,1000,200,798.2
2,750,1000,200,789.9
2,750,1000,200,799.3
2,750,1000,200,785.7
2,750,1000,200,784.9
2,750,1000,200,787.8
2,750,1000,200,782.8
2,750,1000,200,776.6
2,750,1000,200,777.7
2,750,1000,200,771.8
2,750,1000,200,783.8
2,750,1000,200,788.3
2,750,1000,200,792.5
2,750,1000,200,781.2
2,750,1000,200,786.8
2,750,1000,200,774.7
2,750,1000,200,766.2
2,750,1000,200,762.7
2,750,1000,200,764.9
2,750,1000,200,767.0
2,750,1000,200,770.7
2,750,1000,200,784.2
2,750,1000,200,784.0
2,750,1000,200,765.9
2,750,1000,200,777.8
2,750,1000,200,784.9
2,750,1000,200,784.3
2,750,1000,200,781.8
2,750,1000,200,767.7
2,750,1000,200,765.2
2,750,1000,200,762.2
2,750,1000,200,777.0
2,750,1000,200,775.4
2,750,1000,200,762.9
2,750,1000,200,779.8
2,750,1000,200,781.0
2,750,1000,200,777.7
2,750,1000,200,788.2
2,750,1000,200,783.5
2,750,1000,200,779.5
2,750,1000,200,765.1
2,750,1000,200,766.3
2,750,1000,200,761.2
2,750,1000,200,776.1
2,750,1000,200,781.5
2,750,1000,200,775.5
2,750,1000,200,774.0
2,750,1000,200,776.1
2,750,1000,200,773.3
2,750,1000,200,783.6
2,750,1000,200,771.9
2,750,1000,200,763.6
2,750,1000,200,763.3
2,750,1000,200,771.8
2,750,1000,200,767.1
2,750,1000,200,766.1
2,750,1000,200,769.9
2,750,1000,200,771.5
2,750,1000,200,767.7
2,750,1000,200,766.7
2,750,1000,200,768.9
2,750,1000,200,762.2
2,750,1000,200,766.7
2,750,1000,200,767.0
2,750,1000,200,766.9
2,750,1000,200,765.1
2,750,1000,200,768.0
2,750,1000,200,778.2
2,750,1000,200,786.2
2,750,1000,200,784.9
2,750,1000,200,780.4
2,750,1000,200,768.8
2,750,1000,200,769.2
2,750,1000,200,768.4
2,750,1000,200,765.8
2,750,1000,200,766.3
2,750,1000,200,779.3
2,750,1000,200,771.5
2,750,1000,200,769.1
2,750,1000,200,768.0
2,750,1000,200,773.5
2,750,1000,200,762.2
2,750,1000,200,762.5
2,750,1000,200,770.4
2,750,1000,200,766.8
2,750,1000,200,769.4
2,750,1000,200,769.1
2,750,1000,200,767.8
2,750,1000,200,764.9
2,750,1000,200,767.2
2,750,1000,200,776.6
2,750,1000,200,780.5
2,750,1000,200,785.7
2,750,1000,200,767.9
2,750,1000,200,762.7
2,750,1000,200,771.4
2,750,1000,200,770.7
2,750,1000,200,771.1
2,750,1000,200,772.1
2,750,1000,200,773.0
2,750,1000,200,778.0
2,750,1000,200,773.4
2,750,1000,200,774.3
2,750,1000,200,768.8
2,750,1000,200,768.0
2,750,1000,200,768.8
2,750,1000,200,781.1
2,750,1000,200,777.2
2,750,1000,200,781.1
2,750,1000,200,794.6
2,750,1000,200,787.2
2,750,1000,200,785.2
2,750,1000,200,784.9
2,750,1000,200,764.2
2,750,1000,200,769.3
2,750,1000,200,781.4
2,750,1000,200,772.8
2,750,1000,200,792.3
2,750,1000,200,787.6
2,750,1000,200,784.0
2,750,1000,200,776.3
2,750,1000,200,775.5
2,750,1000,200,780.7
2,750,1000,200,770.4
2,750,1000,200,773.2
2,750,1000,200,770.8
2,750,1000,200,762.7
2,750,1000,200,768.7
2,750,1000,200,766.8
2,750,1000,200,766.0
2,750,1000,200,765.4
2,750,1000,200,762.9
2,750,1000,200,762.7
2,750,1000,200,771.8
2,750,1000,200,769.1
2,750,1000,200,768.1
2,750,1000,200,768.8
2,750,1000,200,766.3
2,750,1000,200,768.5
2,750,1000,200,765.0
2,750,1000,200,767.0
2,750,1000,200,769.8
2,750,1000,200,769.2
2,750,1000,200,775.4
2,750,1000,200,772.3
2,750,1000,200,772.7
2,750,1000,200,767.2
2,750,1000,200,774.8
2,750,1000,200,779.7
2,750,1000,200,786.7
2,750,1000,200,785.5
2,750,1000,200,785.0
2,750,1000,200,790.5
2,750,1000,200,767.8
2,750,1000,200,777.2
2,750,1000,200,785.8
2,750,1000,200,767.5
2,750,1000,200,778.4
2,750,1000,200,788.1
2,750,1000,200,786.0
2,750,1000,200,792.7
2,750,1000,200,780.3
2,750,1000,200,786.2
2,750,1000,200,768.6
2,750,1000,200,778.6
2,750,1000,200,769.6
2,750,1000,200,768.1
2,750,1000,200,772.2
2,750,1000,200,781.6
2,750,1000,200,773.7
2,750,1000,200,780.9
2,750,1000,200,782.1
2,750,1000,200,785.8
2,750,1000,200,765.8
2,750,1000,200,762.3
2,750,1000,200,763.3
2,750,1000,200,763.5
2,750,1000,200,765.9
2,750,1000,200,771.9
2,750,1000,200,770.8
2,750,1000,200,773.3
2,750,1000,200,770.8
2,750,1000,200,773.0
2,750,1000,200,757.5
2,750,1000,200,757.4
2,750,1000,200,755.4
2,750,1000,200,754.0
2,750,1000,200,755.4
2,750,1000,200,758.7
2,750,1000,200,758.1
2,750,1000,200,759.5
2,750,1000,200,762.0
2,750,1000,200,760.1
3,750,1000,200,763.5
3,750,1000,200,769.3
3,750,1000,200,776.0
3,750,1000,200,783.8
3,750,1000,200,787.5
3,750,1000,200,796.7
3,750,1000,200,791.8
3,750,1000,200,823.0
3,750,1000,200,793.0
3,750,1000,200,800.9
3,750,1000,200,762.0
3,750,1000,200,762.5
3,750,1000,200,759.3
3,750,1000,200,771.1
3,750,1000,200,772.2
3,750,1000,200,772.7
3,750,1000,200,783.1
3,750,1000,200,785.3
3,750,1000,200,802.7
3,750,1000,200,807.4
3,750,1000,200,763.8
3,750,1000,200,755.5
3,750,1000,200,762.7
3,750,1000,200,759.9
3,750,1000,200,768.4
3,750,1000,200,767.3
3,750,1000,200,779.4
3,750,1000,200,780.4
3,750,1000,200,774.3
3,750,1000,200,774.1
3,750,1000,200,759.6
3,750,1000,200,757.2
3,750,1000,200,760.8
3,750,1000,200,757.3
3,750,1000,200,756.3
3,750,1000,200,760.5
3,750,1000,200,762.5
3,750,1000,200,762.8
3,750,1000,200,766.2
3,750,1000,200,776.9
3,750,1000,200,758.2
3,750,1000,200,756.7
3,750,1000,200,770.2
3,750,1000,200,755.5
3,750,1000,200,761.2
3,750,1000,200,764.8
3,750,1000,200,759.7
3,750,1000,200,765.0
3,750,1000,200,765.2
3,750,1000,200,766.6
3,750,1000,200,759.8
3,750,1000,200,762.4
3,750,1000,200,763.8
3,750,1000,200,762.6
3,750,1000,200,766.5
3,750,1000,200,762.9
3,750,1000,200,761.8
3,750,1000,200,756.3
3,750,1000,200,758.9
3,750,1000,200,766.6
3,750,1000,200,763.9
3,750,1000,200,761.5
3,750,1000,200,766.5
3,750,1000,200,760.6
3,750,1000,200,761.1
3,750,1000,200,760.7
3,750,1000,200,760.1
3,750,1000,200,759.5
3,750,1000,200,763.9
3,750,1000,200,760.9
3,750,1000,200,763.3
3,750,1000,200,760.9
3,750,1000,200,763.0
3,750,1000,200,763.9
3,750,1000,200,761.3
3,750,1000,200,761.6
3,750,1000,200,761.7
3,750,1000,200,765.2
3,750,1000,200,761.1
3,750,1000,200,760.9
3,750,1000,200,762.9
3,750,1000,200,763.1
3,750,1000,200,762.7
3,750,1000,200,768.4
3,750,1000,200,766.3
3,750,1000,200,772.9
3,750,1000,200,772.1
3,750,1000,200,767.5
3,750,1000,200,765.7
3,750,1000,200,764.8
3,750,1000,200,762.4
3,750,1000,200,761.6
3,750,1000,200,761.6
3,750,1000,200,762.6
3,750,1000,200,771.7
3,750,1000,200,771.0
3,750,1000,200,765.1
3,750,1000,200,763.0
3,750,1000,200,764.3
3,750,1000,200,760.1
3,750,1000,200,764.3
3,750,1000,200,763.9
3,750,1000,200,761.2
3,750,1000,200,763.0
3,750,1000,200,762.6
3,750,1000,200,764.5
3,750,1000,200,767.9
3,750,1000,200,773.0
3,750,1000,200,768.4
3,750,1000,200,767.9
3,750,1000,200,771.5
3,750,1000,200,777.3
3,750,1000,200,768.2
3,750,1000,200,768.7
3,750,1000,200,764.2
3,750,1000,200,769.0
3,750,1000,200,769.2
3,750,1000,200,770.1
3,750,1000,200,767.4
3,750,1000,200,768.6
3,750,1000,200,775.0
3,750,1000,200,774.1
3,750,1000,200,767.3
3,750,1000,200,762.1
3,750,1000,200,768.6
3,750,1000,200,767.1
3,750,1000,200,766.3
3,750,1000,200,762.2
3,750,1000,200,768.9
3,750,1000,200,762.7
3,750,1000,200,768.8
3,750,1000,200,767.3
3,750,1000,200,760.8
3,750,1000,200,765.3
3,750,1000,200,764.8
3,750,1000,200,765.0
3,750,1000,200,760.5
3,750,1000,200,761.1
3,750,1000,200,759.8
3,750,1000,200,760.4
3,750,1000,200,778.0
3,750,1000,200,783.5
3,750,1000,200,773.9
3,750,1000,200,767.2
3,750,1000,200,770.2
3,750,1000,200,766.4
3,750,1000,200,768.9
3,750,1000,200,768.4
3,750,1000,200,767.1
3,750,1000,200,772.8
3,750,1000,200,778.8
3,750,1000,200,787.6
3,750,1000,200,792.7
3,750,1000,200,790.8
3,750,1000,200,762.9
3,750,1000,200,764.3
3,750,1000,200,766.2
3,750,1000,200,772.0
3,750,1000,200,774.7
3,750,1000,200,774.6
3,750,1000,200,777.6
3,750,1000,200,772.2
3,750,1000,200,765.1
3,750,1000,200,774.2
3,750,1000,200,761.8
3,750,1000,200,762.9
3,750,1000,200,765.0
3,750,1000,200,770.7
3,750,1000,200,768.1
3,750,1000,200,767.0
3,750,1000,200,764.4
3,750,1000,200,763.5
3,750,1000,200,763.2
3,750,1000,200,763.7
3,750,1000,200,763.4
3,750,1000,200,763.1
3,750,1000,200,762.0
3,750,1000,200,762.6
3,750,1000,200,760.8
3,750,1000,200,761.4
3,750,1000,200,764.3
3,750,1000,200,763.7
3,750,1000,200,765.5
3,750,1000,200,768.7
3,750,1000,200,767.6
3,750,1000,200,764.2
3,750,1000,200,761.8
3,750,1000,200,761.7
3,750,1000,200,765.1
3,750,1000,200,763.9
3,750,1000,200,765.2
3,750,1000,200,764.0
3,750,1000,200,766.0
3,750,1000,200,766.5
3,750,1000,200,767.9
3,750,1000,200,765.3
3,750,1000,200,762.7
3,750,1000,200,764.1
3,750,1000,200,764.7
3,750,1000,200,766.3
1,1000,1000,504,1018.4
1,1000,1000,504,1033.5
1,1000,1000,504,1060.8
1,1000,1000,504,1061.4
1,1000,1000,504,1060.9
1,1000,1000,504,1053.3
1,1000,1000,504,1079.7
1,1000,1000,504,1092.7
1,1000,1000,504,1084.4
1,1000,1000,504,1093.3
1,1000,1000,504,1016.0
1,1000,1000,504,1018.2
1,1000,1000,504,1015.3
1,1000,1000,504,1012.4
1,1000,1000,504,1013.8
1,1000,1000,504,1016.5
1,1000,1000,504,1019.1
1,1000,1000,504,1019.9
1,1000,1000,504,1024.3
1,1000,1000,504,1023.6
1,1000,1000,504,1016.5
1,1000,1000,504,1016.1
1,1000,1000,504,1017.3
1,1000,1000,504,1013.4
1,1000,1000,504,1013.8
1,1000,1000,504,1019.2
1,1000,1000,504,1018.5
1,1000,1000,504,1021.6
1,1000,1000,504,1023.5
1,1000,1000,504,1022.3
1,1000,1000,504,1014.2
1,1000,1000,504,1016.2
1,1000,1000,504,1008.2
1,1000,1000,504,1009.1
1,1000,1000,504,1008.8
1,1000,1000,504,1007.9
1,1000,1000,504,1008.9
1,1000,1000,504,1008.3
1,1000,1000,504,1008.3
1,1000,1000,504,1015.0
1,1000,1000,504,1004.8
1,1000,1000,504,1001.5
1,1000,1000,504,1001.6
1,1000,1000,504,1005.0
1,1000,1000,504,1004.7
1,1000,1000,504,1005.1
1,1000,1000,504,1004.2
1,1000,1000,504,1004.3
1,1000,1000,504,1006.7
1,1000,1000,504,1005.4
1,1000,1000,504,1013.8
1,1000,1000,504,1005.9
1,1000,1000,504,1006.5
1,1000,1000,504,1007.0
1,1000,1000,504,1008.3
1,1000,1000,504,1006.1
1,1000,1000,504,1006.0
1,1000,1000,504,1004.0
1,1000,1000,504,1004.2
1,1000,1000,504,1010.6
1,1000,1000,504,1014.8
1,1000,1000,504,1007.2
1,1000,1000,504,1010.5
1,1000,1000,504,1006.7
1,1000,1000,504,1008.9
1,1000,1000,504,1008.1
1,1000,1000,504,1005.3
1,1000,1000,504,1011.3
1,1000,1000,504,1014.0
1,1000,1000,504,1016.7
1,1000,1000,504,1010.6
1,1000,1000,504,1008.4
1,1000,1000,504,1005.7
1,1000,1000,504,1006.2
1,1000,1000,504,1005.3
1,1000,1000,504,1003.7
1,1000,1000,504,1006.6
1,1000,1000,504,1015.9
1,1000,1000,504,1009.0
1,1000,1000,504,1009.7
1,1000,1000,504,1012.4
1,1000,1000,504,1018.1
1,1000,1000,504,1005.4
1,1000,1000,504,1005.4
1,1000,1000,504,1005.0
1,1000,1000,504,1008.3
1,1000,1000,504,1011.3
1,1000,1000,504,1008.2
1,1000,1000,504,1010.9
1,1000,1000,504,1018.6
1,1000,1000,504,1011.8
1,1000,1000,504,1021.5
1,1000,1000,504,1017.4
1,1000,1000,504,1013.4
1,1000,1000,504,1010.4
1,1000,1000,504,1010.1
1,1000,1000,504,1008.7
1,1000,1000,504,1007.2
1,1000,1000,504,1013.0
1,1000,1000,504,1015.5
1,1000,1000,504,1030.4
1,1000,1000,504,1033.1
1,1000,1000,504,1033.2
1,1000,1000,504,1030.0
1,1000,1000,504,1024.9
1,1000,1000,504,1022.7
1,1000,1000,504,1013.0
1,1000,1000,504,1006.2
1,1000,1000,504,1012.1
1,1000,1000,504,1013.7
1,1000,1000,504,1020.9
1,1000,1000,504,1021.9
1,1000,1000,504,1022.7
1,1000,1000,504,1032.3
1,1000,1000,504,1036.0
1,1000,1000,504,1030.8
1,1000,1000,504,1030.7
1,1000,1000,504,1018.8
1,1000,1000,504,1011.3
1,1000,1000,200,1012.6
1,1000,1000,504,1018.4
1,1000,1000,504,1014.6
1,1000,1000,504,1014.0
1,1000,1000,504,1019.5
1,1000,1000,504,1031.1
1,1000,1000,504,1034.0
1,1000,1000,504,1044.2
1,1000,1000,504,1049.9
1,1000,1000,504,1027.5
1,1000,1000,504,1017.6
1,1000,1000,504,1011.2
1,1000,1000,504,1010.0
1,1000,1000,504,1013.7
1,1000,1000,504,1016.9
1,1000,1000,504,1028.5
1,1000,1000,504,1023.5
1,1000,1000,504,1027.9
1,1000,1000,504,1026.2
1,1000,1000,504,1039.3
1,1000,1000,504,1028.2
1,1000,1000,504,1008.7
1,1000,1000,504,1011.1
1,1000,1000,504,1017.1
1,1000,1000,504,1014.3
1,1000,1000,504,1009.5
1,1000,1000,504,1011.2
1,1000,1000,200,1013.4
1,1000,1000,504,1011.2
1,1000,1000,504,1010.5
1,1000,1000,504,1019.4
1,1000,1000,504,1010.1
1,1000,1000,504,1008.8
1,1000,1000,504,1013.2
1,1000,1000,504,1013.1
1,1000,1000,504,1011.4
1,1000,1000,200,1012.2
1,1000,1000,504,1024.0
1,1000,1000,504,1028.2
1,1000,1000,504,1029.3
1,1000,1000,504,1032.6
1,1000,1000,504,1009.5
1,1000,1000,504,1012.2
1,1000,1000,504,1008.9
1,1000,1000,504,1014.4
1,1000,1000,504,1011.7
1,1000,1000,504,1012.4
1,1000,1000,504,1027.7
1,1000,1000,504,1020.2
1,1000,1000,504,1015.2
1,1000,1000,504,1023.2
1,1000,1000,504,1011.7
1,1000,1000,504,1009.6
1,1000,1000,504,1010.9
1,1000,1000,504,1010.8
1,1000,1000,504,1013.6
1,1000,1000,504,1012.1
1,1000,1000,504,1009.8
1,1000,1000,200,1009.5
1,1000,1000,504,1013.9
1,1000,1000,504,1024.4
1,1000,1000,504,1010.8
1,1000,1000,504,1014.3
1,1000,1000,504,1015.1
1,1000,1000,504,1014.1
1,1000,1000,504,1013.6
1,1000,1000,504,1014.7
1,1000,1000,200,1015.7
1,1000,1000,504,1019.8
1,1000,1000,504,1026.5
1,1000,1000,504,1021.5
1,1000,1000,504,1017.3
1,1000,1000,504,1016.0
1,1000,1000,504,1012.7
1,1000,1000,504,1019.4
1,1000,1000,504,1018.8
1,1000,1000,504,1022.4
1,1000,1000,504,1018.2
1,1000,1000,504,1014.2
1,1000,1000,504,1019.3
1,1000,1000,504,1020.1
2,1000,1000,504,1023.4
2,1000,1000,504,1021.4
2,1000,1000,504,1068.4
2,1000,1000,504,1048.2
2,1000,1000,504,1065.9
2,1000,1000,504,1025.9
2,1000,1000,504,1039.9
2,1000,1000,504,1035.5
2,1000,1000,504,1042.6
2,1000,1000,200,1046.4
2,1000,1000,504,1019.5
2,1000,1000,504,1017.7
2,1000,1000,504,1016.6
2,1000,1000,504,1019.0
2,1000,1000,504,1024.0
2,1000,1000,504,1036.9
2,1000,1000,504,1033.7
2,1000,1000,504,1052.8
2,1000,1000,504,1049.5
2,1000,1000,504,1064.4
2,1000,1000,504,1016.9
2,1000,1000,504,1019.3
2,1000,1000,504,1013.8
2,1000,1000,504,1018.5
2,1000,1000,504,1020.5
2,1000,1000,504,1023.4
2,1000,1000,504,1034.6
2,1000,1000,504,1029.4
2,1000,1000,504,1023.3
2,1000,1000,504,1021.2
2,1000,1000,504,1020.2
2,1000,1000,504,1031.2
2,1000,1000,504,1014.9
2,1000,1000,504,1014.9
2,1000,1000,504,1020.0
2,1000,1000,504,1018.9
2,1000,1000,504,1022.2
2,1000,1000,504,1029.3
2,1000,1000,504,1033.4
2,1000,1000,504,1042.6
2,1000,1000,504,1014.9
2,1000,1000,504,1021.7
2,1000,1000,504,1012.8
2,1000,1000,504,1013.3
2,1000,1000,504,1014.9
2,1000,1000,504,1011.4
2,1000,1000,504,1017.9
2,1000,1000,504,1021.1
2,1000,1000,504,1018.3
2,1000,1000,504,1028.5
2,1000,1000,504,1018.1
2,1000,1000,504,1016.5
2,1000,1000,504,1012.0
2,1000,1000,504,1014.2
2,1000,1000,504,1015.3
2,1000,1000,504,1014.6
2,1000,1000,504,1015.6
2,1000,1000,504,1014.5
2,1000,1000,504,1016.8
2,1000,1000,504,1024.5
2,1000,1000,504,1022.6
2,1000,1000,504,1030.8
2,1000,1000,504,1016.6
2,1000,1000,504,1013.3
2,1000,1000,504,1012.9
2,1000,1000,200,1013.6
2,1000,1000,504,1013.5
2,1000,1000,504,1019.3
2,1000,1000,504,1019.3
2,1000,1000,504,1024.0
2,1000,1000,504,1027.0
2,1000,1000,504,1023.2
2,1000,1000,504,1014.5
2,1000,1000,504,1017.6
2,1000,1000,504,1012.5
2,1000,1000,504,1012.8
2,1000,1000,504,1013.2
2,1000,1000,504,1012.0
2,1000,1000,504,1026.2
2,1000,1000,200,1025.2
2,1000,1000,504,1014.2
2,1000,1000,504,1019.3
2,1000,1000,200,1018.1
2,1000,1000,504,1015.5
2,1000,1000,504,1013.3
2,1000,1000,504,1016.1
2,1000,1000,504,1013.0
2,1000,1000,504,1013.8
2,1000,1000,504,1014.2
2,1000,1000,504,1023.8
2,1000,1000,504,1018.2
2,1000,1000,504,1019.0
2,1000,1000,504,1015.7
2,1000,1000,200,1013.7
2,1000,1000,504,1012.9
2,1000,1000,504,1017.5
2,1000,1000,504,1020.7
2,1000,1000,504,1014.5
2,1000,1000,504,1012.2
2,1000,1000,504,1019.9
2,1000,1000,504,1021.9
2,1000,1000,504,1024.8
2,1000,1000,504,1027.0
2,1000,1000,504,1020.7
2,1000,1000,504,1017.9
2,1000,1000,504,1013.1
2,1000,1000,504,1020.9
2,1000,1000,504,1018.2
2,1000,1000,504,1022.8
2,1000,1000,504,1031.7
2,1000,1000,504,1026.3
2,1000,1000,504,1024.6
2,1000,1000,504,1025.9
2,1000,1000,504,1020.2
2,1000,1000,504,1017.7
2,1000,1000,504,1012.2
2,1000,1000,504,1017.0
2,1000,1000,504,1019.7
2,1000,1000,504,1030.8
2,1000,1000,504,1044.1
2,1000,1000,504,1004.2
2,1000,1000,504,1010.3
2,1000,1000,504,1026.2
2,1000,1000,504,1025.0
2,1000,1000,504,1021.3
2,1000,1000,504,1013.7
2,1000,1000,504,1000.0
2,1000,1000,504,1000.8
2,1000,1000,504,1018.0
2,1000,1000,504,1011.0
2,1000,1000,504,1010.0
2,1000,1000,504,1019.5
2,1000,1000,504,1018.1
2,1000,1000,504,1015.7
2,1000,1000,504,1041.6
2,1000,1000,504,1044.6
2,1000,1000,504,1017.9
2,1000,1000,504,1023.9
2,1000,1000,504,1003.6
2,1000,1000,504,1007.1
2,1000,1000,504,1010.4
2,1000,1000,504,1001.7
2,1000,1000,504,1004.3
2,1000,1000,504,1019.8
2,1000,1000,504,1022.3
2,1000,1000,504,1016.2
2,1000,1000,504,1033.4
2,1000,1000,504,1007.1
2,1000,1000,504,1007.5
2,1000,1000,504,1016.2
2,1000,1000,504,1003.4
2,1000,1000,504,1003.7
2,1000,1000,504,1006.7
2,1000,1000,504,1005.5
2,1000,1000,200,1003.7
2,1000,1000,504,1013.2
2,1000,1000,504,1011.6
2,1000,1000,504,1008.2
2,1000,1000,504,1008.9
2,1000,1000,504,1009.8
2,1000,1000,504,1005.4
2,1000,1000,504,1003.9
2,1000,1000,504,1006.8
2,1000,1000,504,1005.0
2,1000,1000,504,1004.7
2,1000,1000,504,1015.3
2,1000,1000,504,1021.0
2,1000,1000,504,1028.5
2,1000,1000,504,1018.5
2,1000,1000,504,1029.2
2,1000,1000,504,1007.0
2,1000,1000,504,1006.6
2,1000,1000,504,1008.8
2,1000,1000,504,1009.6
2,1000,1000,504,1007.9
2,1000,1000,504,1030.4
2,1000,1000,504,1029.6
2,1000,1000,504,1022.9
2,1000,1000,504,1019.1
2,1000,1000,504,1029.0
2,1000,1000,504,1013.6
2,1000,1000,504,1016.3
2,1000,1000,504,1012.2
2,1000,1000,504,1015.0
2,1000,1000,504,1008.4
2,1000,1000,504,1017.5
2,1000,1000,504,1015.8
2,1000,1000,504,1025.7
2,1000,1000,504,1014.4
2,1000,1000,504,1020.1
2,1000,1000,504,1018.1
2,1000,1000,504,1011.9
2,1000,1000,504,1012.3
2,1000,1000,504,1011.6
2,1000,1000,504,1009.9
2,1000,1000,504,1017.4
2,1000,1000,504,1010.7
2,1000,1000,504,1015.4
2,1000,1000,504,1017.0
2,1000,1000,504,1020.6
3,1000,1000,504,1009.0
3,1000,1000,504,1013.1
3,1000,1000,504,1015.3
3,1000,1000,504,1016.9
3,1000,1000,504,1019.2
3,1000,1000,504,1018.9
3,1000,1000,504,1024.9
3,1000,1000,504,1024.3
3,1000,1000,504,1025.5
3,1000,1000,504,1026.5
3,1000,1000,504,1015.6
3,1000,1000,504,1021.3
3,1000,1000,504,1022.7
3,1000,1000,504,1024.3
3,1000,1000,200,1026.2
3,1000,1000,504,1023.0
3,1000,1000,504,1021.6
3,1000,1000,504,1024.2
3,1000,1000,504,1054.7
3,1000,1000,504,1037.4
3,1000,1000,504,1011.8
3,1000,1000,504,1018.2
3,1000,1000,504,1020.2
3,1000,1000,504,1030.1
3,1000,1000,504,1024.3
3,1000,1000,504,1019.8
3,1000,1000,504,1017.6
3,1000,1000,504,1021.2
3,1000,1000,504,1023.5
3,1000,1000,504,1029.1
3,1000,1000,504,1013.3
3,1000,1000,504,1018.5
3,1000,1000,504,1027.5
3,1000,1000,504,1020.2
3,1000,1000,504,1022.9
3,1000,1000,504,1020.9
3,1000,1000,504,1047.9
3,1000,1000,504,1027.1
3,1000,1000,504,1031.9
3,1000,1000,504,1056.6
3,1000,1000,504,1012.7
3,1000,1000,504,1011.3
3,1000,1000,504,1010.4
3,1000,1000,504,1011.5
3,1000,1000,504,1009.6
3,1000,1000,504,1009.9
3,1000,1000,504,1010.0
3,1000,1000,200,1011.6
3,1000,1000,504,1013.1
3,1000,1000,504,1017.2
3,1000,1000,504,1015.1
3,1000,1000,504,1015.2
3,1000,1000,504,1013.9
3,1000,1000,504,1012.7
3,1000,1000,504,1011.5
3,1000,1000,504,1009.3
3,1000,1000,504,1011.9
3,1000,1000,504,1014.7
3,1000,1000,504,1016.7
3,1000,1000,504,1018.1
3,1000,1000,504,1018.0
3,1000,1000,504,1022.7
3,1000,1000,504,1019.9
3,1000,1000,504,1020.9
3,1000,1000,504,1023.1
3,1000,1000,504,1021.0
3,1000,1000,200,1012.4
3,1000,1000,504,1010.2
3,1000,1000,504,1019.8
3,1000,1000,504,1017.7
3,1000,1000,504,1018.7
3,1000,1000,504,1020.0
3,1000,1000,504,1022.7
3,1000,1000,504,1025.9
3,1000,1000,504,1019.6
3,1000,1000,504,1017.2
3,1000,1000,504,1015.2
3,1000,1000,504,1013.7
3,1000,1000,504,1022.8
3,1000,1000,504,1022.8
3,1000,1000,504,1013.8
3,1000,1000,504,1017.4
3,1000,1000,504,1021.2
3,1000,1000,504,1026.4
3,1000,1000,504,1036.6
3,1000,1000,504,1041.8
3,1000,1000,504,1046.3
3,1000,1000,504,1067.7
3,1000,1000,504,1048.8
3,1000,1000,504,1051.4
3,1000,1000,504,1013.9
3,1000,1000,504,1018.6
3,1000,1000,504,1013.9
3,1000,1000,504,1032.8
3,1000,1000,504,1045.6
3,1000,1000,504,1050.3
3,1000,1000,504,1072.6
3,1000,1000,504,1030.9
3,1000,1000,504,1031.7
3,1000,1000,504,1051.9
3,1000,1000,504,1017.5
3,1000,1000,504,1013.6
3,1000,1000,200,1011.5
3,1000,1000,504,1016.8
3,1000,1000,504,1013.5
3,1000,1000,504,1017.2
3,1000,1000,504,1017.0
3,1000,1000,504,1025.4
3,1000,1000,504,1033.9
3,1000,1000,504,1034.5
3,1000,1000,504,1015.6
3,1000,1000,504,1013.0
3,1000,1000,504,1012.8
3,1000,1000,504,1012.8
3,1000,1000,504,1014.6
3,1000,1000,504,1013.1
3,1000,1000,504,1025.2
3,1000,1000,504,1029.0
3,1000,1000,200,1018.9
3,1000,1000,200,1018.2
3,1000,1000,504,1021.4
3,1000,1000,504,1019.1
3,1000,1000,504,1017.2
3,1000,1000,200,1011.8
3,1000,1000,504,1014.1
3,1000,1000,504,1013.8
3,1000,1000,504,1013.3
3,1000,1000,504,1019.7
3,1000,1000,504,1020.9
3,1000,1000,504,1026.3
3,1000,1000,504,1017.9
3,1000,1000,504,1014.6
3,1000,1000,504,1015.8
3,1000,1000,504,1018.1
3,1000,1000,504,1013.7
3,1000,1000,504,1016.6
3,1000,1000,504,1014.6
3,1000,1000,504,1020.1
3,1000,1000,504,1023.7
3,1000,1000,504,1026.3
3,1000,1000,504,1021.5
3,1000,1000,504,1021.3
3,1000,1000,504,1031.3
3,1000,1000,504,1014.5
3,1000,1000,504,1023.4
3,1000,1000,504,1018.4
3,1000,1000,504,1014.6
3,1000,1000,504,1020.0
3,1000,1000,504,1020.9
3,1000,1000,504,1037.6
3,1000,1000,504,1027.0
3,1000,1000,504,1036.0
3,1000,1000,504,1021.8
3,1000,1000,504,1015.9
3,1000,1000,504,1017.7
3,1000,1000,504,1015.7
3,1000,1000,504,1015.9
3,1000,1000,504,1019.0
3,1000,1000,504,1026.9
3,1000,1000,504,1021.2
3,1000,1000,504,1020.3
3,1000,1000,504,1020.8
3,1000,1000,504,1028.8
3,1000,1000,504,1021.4
3,1000,1000,504,1018.0
3,1000,1000,504,1015.5
3,1000,1000,504,1020.6
3,1000,1000,504,1016.8
3,1000,1000,504,1024.1
3,1000,1000,504,1030.4
3,1000,1000,504,1015.9
3,1000,1000,504,1028.0
3,1000,1000,200,1029.3
3,1000,1000,504,1022.4
3,1000,1000,504,1018.3
3,1000,1000,504,1018.8
3,1000,1000,504,1019.3
3,1000,1000,504,1019.1
3,1000,1000,504,1052.1
3,1000,1000,504,1050.3
3,1000,1000,504,1017.4
3,1000,1000,504,1020.1
3,1000,1000,504,1020.7
3,1000,1000,504,1030.9
3,1000,1000,504,1016.4
3,1000,1000,504,1020.2
3,1000,1000,504,1015.7
3,1000,1000,504,1015.6
3,1000,1000,504,1031.4
3,1000,1000,504,1027.1
3,1000,1000,504,1017.6
3,1000,1000,504,1017.0
3,1000,1000,504,1024.4
3,1000,1000,504,1036.4
3,1000,1000,504,1018.5
3,1000,1000,504,1014.9
3,1000,1000,504,1017.8
3,1000,1000,504,1016.1
3,1000,1000,504,1019.0
3,1000,1000,504,1025.8
1,1500,1000,504,1011.6
1,1500,1000,504,1028.9
1,1500,1000,504,1049.1
1,1500,1000,504,1037.1
1,1500,1000,504,1052.0
1,1500,1000,504,1040.6
1,1500,1000,504,1059.7
1,1500,1000,504,1083.8
1,1500,1000,504,1095.3
1,1500,1000,504,1074.7
1,1500,1000,504,1011.1
1,1500,1000,504,1010.9
1,1500,1000,504,1013.9
1,1500,1000,504,1011.5
1,1500,1000,504,1013.6
1,1500,1000,504,1012.6
1,1500,1000,504,1013.9
1,1500,1000,504,1014.6
1,1500,1000,504,1024.1
1,1500,1000,504,1027.2
1,1500,1000,504,1015.6
1,1500,1000,504,1011.8
1,1500,1000,504,1010.4
1,1500,1000,504,1013.9
1,1500,1000,504,1013.3
1,1500,1000,504,1012.6
1,1500,1000,504,1013.2
1,1500,1000,504,1018.5
1,1500,1000,504,1013.6
1,1500,1000,504,1025.4
1,1500,1000,504,1015.7
1,1500,1000,504,1011.7
1,1500,1000,504,1022.3
1,1500,1000,504,1032.8
1,1500,1000,504,1035.2
1,1500,1000,504,1037.0
1,1500,1000,504,1036.0
1,1500,1000,504,1029.7
1,1500,1000,504,1023.0
1,1500,1000,504,1030.8
1,1500,1000,504,1014.7
1,1500,1000,504,1009.9
1,1500,1000,504,1029.2
1,1500,1000,504,1041.9
1,1500,1000,504,1030.2
1,1500,1000,504,1051.4
1,1500,1000,504,1039.7
1,1500,1000,504,1029.9
1,1500,1000,504,1062.7
1,1500,1000,504,1039.0
1,1500,1000,504,1025.3
1,1500,1000,504,1024.2
1,1500,1000,504,1019.0
1,1500,1000,504,1017.1
1,1500,1000,504,1022.3
1,1500,1000,504,1032.0
1,1500,1000,504,1037.3
1,1500,1000,504,1040.2
1,1500,1000,504,1034.7
1,1500,1000,504,1042.1
1,1500,1000,504,1030.0
1,1500,1000,504,1019.5
1,1500,1000,504,1015.1
1,1500,1000,504,1019.6
1,1500,1000,504,1029.7
1,1500,1000,504,1034.6
1,1500,1000,504,1034.4
1,1500,1000,504,1025.2
1,1500,1000,504,1027.1
1,1500,1000,504,1042.4
1,1500,1000,504,1017.5
1,1500,1000,504,1020.9
1,1500,1000,504,1016.3
1,1500,1000,504,1013.3
1,1500,1000,504,1018.4
1,1500,1000,504,1017.1
1,1500,1000,504,1019.3
1,1500,1000,504,1020.7
1,1500,1000,504,1019.7
1,1500,1000,504,1022.3
1,1500,1000,504,1024.0
1,1500,1000,504,1032.2
1,1500,1000,504,1016.9
1,1500,1000,504,1015.0
1,1500,1000,504,1023.8
1,1500,1000,504,1021.7
1,1500,1000,504,1017.0
1,1500,1000,504,1020.7
1,1500,1000,504,1021.2
1,1500,1000,504,1025.5
1,1500,1000,504,1030.9
1,1500,1000,504,1025.9
1,1500,1000,504,1025.3
1,1500,1000,504,1012.5
1,1500,1000,504,1021.5
1,1500,1000,504,1014.5
1,1500,1000,504,1014.6
1,1500,1000,504,1018.1
1,1500,1000,504,1027.7
1,1500,1000,504,1029.8
1,1500,1000,504,1023.4
1,1500,1000,504,1020.3
1,1500,1000,504,1018.9
1,1500,1000,504,1016.5
1,1500,1000,504,1016.9
1,1500,1000,504,1016.3
1,1500,1000,504,1020.4
1,1500,1000,504,1027.3
1,1500,1000,504,1040.1
1,1500,1000,504,1031.8
1,1500,1000,504,1022.3
1,1500,1000,504,1025.3
1,1500,1000,504,1031.0
1,1500,1000,504,1032.1
1,1500,1000,504,1019.8
1,1500,1000,504,1021.0
1,1500,1000,504,1022.3
1,1500,1000,504,1015.7
1,1500,1000,504,1024.4
1,1500,1000,504,1027.3
1,1500,1000,504,1028.8
1,1500,1000,504,1031.8
1,1500,1000,504,1025.3
1,1500,1000,504,1013.7
1,1500,1000,504,1021.4
1,1500,1000,504,1017.5
1,1500,1000,504,1013.7
1,1500,1000,504,1014.3
1,1500,1000,504,1028.8
1,1500,1000,504,1049.1
1,1500,1000,504,1016.0
1,1500,1000,504,1014.1
1,1500,1000,504,1013.9
1,1500,1000,504,1023.9
1,1500,1000,504,1017.3
1,1500,1000,504,1012.7
1,1500,1000,504,1014.7
1,1500,1000,504,1017.9
1,1500,1000,504,1042.4
1,1500,1000,504,1034.0
1,1500,1000,504,1017.8
1,1500,1000,504,1013.6
1,1500,1000,504,1015.3
1,1500,1000,504,1015.1
1,1500,1000,504,1013.3
1,1500,1000,504,1013.6
1,1500,1000,504,1015.2
1,1500,1000,504,1016.6
1,1500,1000,504,1024.6
1,1500,1000,504,1024.3
1,1500,1000,504,1015.4
1,1500,1000,504,1016.3
1,1500,1000,504,1017.3
1,1500,1000,504,1023.7
1,1500,1000,504,1015.4
1,1500,1000,504,1018.3
1,1500,1000,504,1015.4
1,1500,1000,504,1015.3
1,1500,1000,504,1020.5
1,1500,1000,504,1047.5
1,1500,1000,504,1019.1
1,1500,1000,504,1014.0
1,1500,1000,504,1023.0
1,1500,1000,504,1017.0
1,1500,1000,504,1018.8
1,1500,1000,504,1017.3
1,1500,1000,504,1015.3
1,1500,1000,504,1014.1
1,1500,1000,504,1054.4
1,1500,1000,504,1048.2
1,1500,1000,504,1014.1
1,1500,1000,504,1017.6
1,1500,1000,504,1018.8
1,1500,1000,504,1010.9
1,1500,1000,504,1014.7
1,1500,1000,504,1020.3
1,1500,1000,504,1014.5
1,1500,1000,504,1014.3
1,1500,1000,504,1028.6
1,1500,1000,504,1024.0
1,1500,1000,504,1015.6
1,1500,1000,504,1018.6
1,1500,1000,504,1013.5
1,1500,1000,504,1011.9
1,1500,1000,504,1022.1
1,1500,1000,504,1014.0
1,1500,1000,504,1015.8
1,1500,1000,504,1016.8
1,1500,1000,504,1014.1
1,1500,1000,504,1015.5
1,1500,1000,504,1017.6
1,1500,1000,504,1014.7
1,1500,1000,504,1020.9
1,1500,1000,504,1016.7
1,1500,1000,504,1014.5
1,1500,1000,504,1015.6
1,1500,1000,504,1018.9
1,1500,1000,504,1013.9
1,1500,1000,504,1011.7
1,1500,1000,504,1015.6
2,1500,1000,504,1006.8
2,1500,1000,504,1005.3
2,1500,1000,504,1002.1
2,1500,1000,504,1002.4
2,1500,1000,504,1003.0
2,1500,1000,504,1003.1
2,1500,1000,504,1005.4
2,1500,1000,504,1007.1
2,1500,1000,504,1006.8
2,1500,1000,504,1015.0
2,1500,1000,504,1013.3
2,1500,1000,504,1023.9
2,1500,1000,504,1025.6
2,1500,1000,504,1031.7
2,1500,1000,504,1022.6
2,1500,1000,504,1029.1
2,1500,1000,504,1026.3
2,1500,1000,504,1023.8
2,1500,1000,504,1023.8
2,1500,1000,504,1024.7
2,1500,1000,504,1021.0
2,1500,1000,504,1024.0
2,1500,1000,504,1037.6
2,1500,1000,504,1042.8
2,1500,1000,504,1047.3
2,1500,1000,504,1068.4
2,1500,1000,504,1058.0
2,1500,1000,504,1051.0
2,1500,1000,504,1070.1
2,1500,1000,504,1057.9
2,1500,1000,504,1017.3
2,1500,1000,504,1008.3
2,1500,1000,504,1017.1
2,1500,1000,504,1015.6
2,1500,1000,504,1018.0
2,1500,1000,504,1029.4
2,1500,1000,504,1026.3
2,1500,1000,504,1020.5
2,1500,1000,504,1034.5
2,1500,1000,504,1034.1
2,1500,1000,504,1015.1
2,1500,1000,504,1011.5
2,1500,1000,504,1011.2
2,1500,1000,504,1013.3
2,1500,1000,504,1023.5
2,1500,1000,504,1027.2
2,1500,1000,504,1028.3
2,1500,1000,504,1042.8
2,1500,1000,504,1035.8
2,1500,1000,504,1036.2
2,1500,1000,504,1019.8
2,1500,1000,504,1028.0
2,1500,1000,504,1016.1
2,1500,1000,504,1015.2
2,1500,1000,504,1014.9
2,1500,1000,504,1013.6
2,1500,1000,504,1013.0
2,1500,1000,504,1010.2
2,1500,1000,504,1022.3
2,1500,1000,504,1022.3
2,1500,1000,504,1027.1
2,1500,1000,504,1020.2
2,1500,1000,504,1025.0
2,1500,1000,504,1027.2
2,1500,1000,504,1018.5
2,1500,1000,504,1010.1
2,1500,1000,504,1014.0
2,1500,1000,504,1014.5
2,1500,1000,504,1015.7
2,1500,1000,504,1014.0
2,1500,1000,504,1014.4
2,1500,1000,504,1018.9
2,1500,1000,504,1020.2
2,1500,1000,504,1022.1
2,1500,1000,504,1013.5
2,1500,1000,504,1011.9
2,1500,1000,504,1017.4
2,1500,1000,504,1018.1
2,1500,1000,504,1011.7
2,1500,1000,504,1016.7
2,1500,1000,504,1009.5
2,1500,1000,504,1010.7
2,1500,1000,504,1016.3
2,1500,1000,504,1010.8
2,1500,1000,504,1012.6
2,1500,1000,504,1010.4
2,1500,1000,504,1017.8
2,1500,1000,504,1029.7
2,1500,1000,504,1019.2
2,1500,1000,504,1020.2
2,1500,1000,504,1012.4
2,1500,1000,504,1010.9
2,1500,1000,504,1014.8
2,1500,1000,504,1011.5
2,1500,1000,504,1013.2
2,1500,1000,504,1021.6
2,1500,1000,504,1020.2
2,1500,1000,504,1021.1
2,1500,1000,504,1019.4
2,1500,1000,504,1027.6
2,1500,1000,504,1012.9
2,1500,1000,504,1013.2
2,1500,1000,504,1013.8
2,1500,1000,504,1011.9
2,1500,1000,504,1018.6
2,1500,1000,504,1016.7
2,1500,1000,504,1014.2
2,1500,1000,504,1019.4
2,1500,1000,504,1019.9
2,1500,1000,504,1017.6
2,1500,1000,504,1013.3
2,1500,1000,504,1017.2
2,1500,1000,504,1012.3
2,1500,1000,504,1014.4
2,1500,1000,504,1017.3
2,1500,1000,504,1013.7
2,1500,1000,504,1020.5
2,1500,1000,504,1026.9
2,1500,1000,504,1024.7
2,1500,1000,504,1027.0
2,1500,1000,504,1014.5
2,1500,1000,504,1020.3
2,1500,1000,504,1018.1
2,1500,1000,504,1014.8
2,1500,1000,504,1018.5
2,1500,1000,504,1018.8
2,1500,1000,504,1013.5
2,1500,1000,504,1021.1
2,1500,1000,504,1024.0
2,1500,1000,504,1022.5
2,1500,1000,504,1017.1
2,1500,1000,504,1019.5
2,1500,1000,504,1013.1
2,1500,1000,504,1017.1
2,1500,1000,504,1024.4
2,1500,1000,504,1018.5
2,1500,1000,504,1022.8
2,1500,1000,504,1023.7
2,1500,1000,504,1022.4
2,1500,1000,504,1029.8
2,1500,1000,504,1018.3
2,1500,1000,504,1019.2
2,1500,1000,504,1015.0
2,1500,1000,504,1020.4
2,1500,1000,504,1017.1
2,1500,1000,504,1017.2
2,1500,1000,504,1026.1
2,1500,1000,504,1034.9
2,1500,1000,504,1025.9
2,1500,1000,504,1023.6
2,1500,1000,504,1018.0
2,1500,1000,504,1020.6
2,1500,1000,504,1018.5
2,1500,1000,504,1018.6
2,1500,1000,504,1015.5
2,1500,1000,504,1015.6
2,1500,1000,504,1019.7
2,1500,1000,504,1021.1
2,1500,1000,504,1022.5
2,1500,1000,504,1026.2
2,1500,1000,504,1022.0
2,1500,1000,504,1024.4
2,1500,1000,504,1018.3
2,1500,1000,504,1015.5
2,1500,1000,504,1015.0
2,1500,1000,504,1020.2
2,1500,1000,504,1019.0
2,1500,1000,504,1030.7
2,1500,1000,504,1016.8
2,1500,1000,504,1024.2
2,1500,1000,504,1019.8
2,1500,1000,504,1022.7
2,1500,1000,504,1024.4
2,1500,1000,504,1018.2
2,1500,1000,504,1018.5
2,1500,1000,504,1015.8
2,1500,1000,504,1019.3
2,1500,1000,504,1032.6
2,1500,1000,504,1028.5
2,1500,1000,504,1040.9
2,1500,1000,504,1016.5
2,1500,1000,504,1021.5
2,1500,1000,504,1021.0
2,1500,1000,504,1014.0
2,1500,1000,504,1014.0
2,1500,1000,504,1013.1
2,1500,1000,504,1032.6
2,1500,1000,504,1048.6
2,1500,1000,504,1020.6
2,1500,1000,504,1043.7
2,1500,1000,504,1014.2
2,1500,1000,504,1016.2
2,1500,1000,504,1017.0
2,1500,1000,504,1017.0
2,1500,1000,504,1015.6
2,1500,1000,504,1017.3
2,1500,1000,504,1025.1
2,1500,1000,504,1018.8
2,1500,1000,504,1030.4
2,1500,1000,504,1019.7
3,1500,1000,504,1021.7
3,1500,1000,504,1026.9
3,1500,1000,504,1033.4
3,1500,1000,504,1046.4
3,1500,1000,504,1038.5
3,1500,1000,504,1033.7
3,1500,1000,504,1047.2
3,1500,1000,504,1030.8
3,1500,1000,504,1041.0
3,1500,1000,504,1049.4
3,1500,1000,504,1017.0
3,1500,1000,504,1017.2
3,1500,1000,504,1023.7
3,1500,1000,504,1018.6
3,1500,1000,504,1018.4
3,1500,1000,504,1021.4
3,1500,1000,504,1020.8
3,1500,1000,504,1024.4
3,1500,1000,504,1017.3
3,1500,1000,504,1025.3
3,1500,1000,504,1016.6
3,1500,1000,504,1020.4
3,1500,1000,504,1016.2
3,1500,1000,504,1020.6
3,1500,1000,504,1018.6
3,1500,1000,504,1018.1
3,1500,1000,504,1020.6
3,1500,1000,504,1018.0
3,1500,1000,504,1017.0
3,1500,1000,504,1021.9
3,1500,1000,504,1017.8
3,1500,1000,504,1016.2
3,1500,1000,504,1016.9
3,1500,1000,504,1023.8
3,1500,1000,504,1022.3
3,1500,1000,504,1013.3
3,1500,1000,504,1014.1
3,1500,1000,504,1014.6
3,1500,1000,504,1014.5
3,1500,1000,504,1019.9
3,1500,1000,504,1013.4
3,1500,1000,504,1013.4
3,1500,1000,504,1017.0
3,1500,1000,504,1020.6
3,1500,1000,504,1018.5
3,1500,1000,504,1016.1
3,1500,1000,504,1014.5
3,1500,1000,504,1014.7
3,1500,1000,504,1020.5
3,1500,1000,504,1026.6
3,1500,1000,504,1023.0
3,1500,1000,504,1017.6
3,1500,1000,504,1016.5
3,1500,1000,504,1019.9
3,1500,1000,504,1020.9
3,1500,1000,504,1020.7
3,1500,1000,504,1018.7
3,1500,1000,504,1020.7
3,1500,1000,504,1022.9
3,1500,1000,504,1022.6
3,1500,1000,504,1047.7
3,1500,1000,504,1045.4
3,1500,1000,504,1038.5
3,1500,1000,504,1022.1
3,1500,1000,504,1022.9
3,1500,1000,504,1024.4
3,1500,1000,504,1026.7
3,1500,1000,504,1022.3
3,1500,1000,504,1019.4
3,1500,1000,504,1027.8
3,1500,1000,504,1034.9
3,1500,1000,504,1032.0
3,1500,1000,504,1018.3
3,1500,1000,504,1010.8
3,1500,1000,504,1010.8
3,1500,1000,504,1010.9
3,1500,1000,504,1016.9
3,1500,1000,504,1014.6
3,1500,1000,504,1017.3
3,1500,1000,504,1017.9
3,1500,1000,504,1008.3
3,1500,1000,504,1008.7
3,1500,1000,504,1007.3
3,1500,1000,504,999.2
3,1500,1000,504,1001.9
3,1500,1000,504,1000.9
3,1500,1000,504,1006.3
3,1500,1000,504,1013.2
3,1500,1000,504,1012.1
3,1500,1000,504,1011.9
3,1500,1000,504,1004.8
3,1500,1000,504,1010.0
3,1500,1000,504,1011.2
3,1500,1000,504,1010.3
3,1500,1000,504,1010.2
3,1500,1000,504,1008.5
3,1500,1000,504,1009.5
3,1500,1000,504,1011.9
3,1500,1000,504,1010.8
3,1500,1000,504,1019.8
3,1500,1000,504,1007.8
3,1500,1000,504,1013.7
3,1500,1000,504,1015.8
3,1500,1000,504,1014.1
3,1500,1000,504,1010.7
3,1500,1000,504,1017.7
3,1500,1000,504,1005.8
3,1500,1000,504,1013.4
3,1500,1000,504,1010.7
3,1500,1000,504,1010.1
3,1500,1000,504,1011.1
3,1500,1000,504,1010.9
3,1500,1000,504,1012.8
3,1500,1000,504,1014.9
3,1500,1000,504,1009.5
3,1500,1000,504,1016.1
3,1500,1000,504,1010.0
3,1500,1000,504,1016.6
3,1500,1000,504,1011.2
3,1500,1000,504,1010.9
3,1500,1000,504,1014.1
3,1500,1000,504,1012.5
3,1500,1000,504,1010.3
3,1500,1000,504,1010.6
3,1500,1000,504,1008.5
3,1500,1000,504,1018.2
3,1500,1000,504,1009.5
3,1500,1000,504,1019.9
3,1500,1000,504,1007.1
3,1500,1000,504,1010.8
3,1500,1000,504,1011.3
3,1500,1000,504,1008.2
3,1500,1000,504,1007.1
3,1500,1000,504,1006.6
3,1500,1000,504,1015.2
3,1500,1000,504,1022.8
3,1500,1000,504,1010.3
3,1500,1000,504,1016.1
3,1500,1000,504,1014.6
3,1500,1000,504,1014.1
3,1500,1000,504,1010.4
3,1500,1000,504,1012.2
3,1500,1000,504,1010.2
3,1500,1000,504,1009.4
3,1500,1000,504,1016.6
3,1500,1000,504,1025.8
3,1500,1000,504,1011.4
3,1500,1000,504,1018.2
3,1500,1000,504,1016.0
3,1500,1000,504,1022.2
3,1500,1000,504,1012.8
3,1500,1000,504,1015.7
3,1500,1000,504,1022.2
3,1500,1000,504,1021.1
3,1500,1000,504,1017.4
3,1500,1000,504,1014.7
3,1500,1000,504,1014.9
3,1500,1000,504,1014.9
3,1500,1000,504,1015.7
3,1500,1000,504,1012.9
3,1500,1000,504,1010.7
3,1500,1000,504,1019.3
3,1500,1000,504,1022.1
3,1500,1000,504,1022.3
3,1500,1000,504,1013.9
3,1500,1000,504,1022.1
3,1500,1000,504,1015.9
3,1500,1000,504,1016.8
3,1500,1000,504,1009.7
3,1500,1000,504,1010.8
3,1500,1000,504,1009.3
3,1500,1000,504,1018.1
3,1500,1000,504,1015.0
3,1500,1000,504,1015.3
3,1500,1000,504,1016.3
3,1500,1000,504,1018.7
3,1500,1000,504,1014.3
3,1500,1000,504,1020.7
3,1500,1000,504,1011.4
3,1500,1000,504,1015.1
3,1500,1000,504,1012.0
3,1500,1000,504,1013.1
3,1500,1000,504,1015.1
3,1500,1000,504,1015.0
3,1500,1000,504,1015.5
3,1500,1000,504,1014.5
3,1500,1000,504,1017.3
3,1500,1000,504,1017.0
3,1500,1000,504,1013.8
3,1500,1000,504,1012.8
3,1500,1000,504,1011.6
3,1500,1000,504,1016.8
3,1500,1000,504,1013.3
3,1500,1000,504,1016.9
3,1500,1000,504,1016.1
3,1500,1000,504,1015.5
3,1500,1000,504,1017.3
3,1500,1000,504,1016.7
3,1500,1000,504,1011.1
3,1500,1000,504,1010.1
1,2000,1000,504,1023.0
1,2000,1000,504,1037.8
1,2000,1000,504,1041.2
1,2000,1000,504,1029.7
1,2000,1000,504,1042.8
1,2000,1000,504,1038.0
1,2000,1000,504,1050.8
1,2000,1000,504,1069.7
1,2000,1000,504,1080.0
1,2000,1000,504,1068.2
1,2000,1000,504,1018.2
1,2000,1000,504,1021.9
1,2000,1000,504,1027.0
1,2000,1000,504,1029.0
1,2000,1000,504,1029.1
1,2000,1000,504,1028.3
1,2000,1000,504,1028.8
1,2000,1000,504,1030.7
1,2000,1000,504,1040.4
1,2000,1000,504,1036.4
1,2000,1000,504,1019.9
1,2000,1000,504,1021.7
1,2000,1000,504,1027.8
1,2000,1000,504,1031.8
1,2000,1000,504,1030.0
1,2000,1000,504,1031.5
1,2000,1000,504,1062.4
1,2000,1000,504,1044.1
1,2000,1000,504,1033.6
1,2000,1000,504,1039.0
1,2000,1000,504,1020.6
1,2000,1000,504,1024.0
1,2000,1000,504,1020.8
1,2000,1000,504,1020.3
1,2000,1000,504,1025.4
1,2000,1000,504,1027.5
1,2000,1000,504,1025.0
1,2000,1000,504,1021.8
1,2000,1000,504,1017.9
1,2000,1000,504,1023.1
1,2000,1000,504,1022.2
1,2000,1000,504,1022.8
1,2000,1000,504,1034.6
1,2000,1000,504,1036.8
1,2000,1000,504,1034.3
1,2000,1000,504,1029.0
1,2000,1000,504,1027.8
1,2000,1000,504,1027.2
1,2000,1000,504,1025.4
1,2000,1000,504,1031.8
1,2000,1000,504,1031.8
1,2000,1000,504,1015.2
1,2000,1000,504,1025.8
1,2000,1000,504,1029.3
1,2000,1000,504,1022.4
1,2000,1000,504,1028.0
1,2000,1000,504,1042.4
1,2000,1000,504,1039.7
1,2000,1000,504,1054.9
1,2000,1000,504,1047.9
1,2000,1000,504,1023.4
1,2000,1000,504,1014.7
1,2000,1000,504,1016.1
1,2000,1000,504,1019.7
1,2000,1000,504,1026.9
1,2000,1000,504,1020.6
1,2000,1000,504,1026.4
1,2000,1000,504,1038.7
1,2000,1000,504,1041.0
1,2000,1000,504,1052.2
1,2000,1000,504,1018.8
1,2000,1000,504,1017.6
1,2000,1000,504,1020.0
1,2000,1000,504,1015.9
1,2000,1000,504,1020.7
1,2000,1000,504,1021.7
1,2000,1000,504,1042.5
1,2000,1000,504,1048.3
1,2000,1000,504,1046.0
1,2000,1000,504,1062.0
1,2000,1000,504,1010.3
1,2000,1000,504,1014.3
1,2000,1000,504,1012.4
1,2000,1000,504,1006.4
1,2000,1000,504,1013.4
1,2000,1000,504,1026.7
1,2000,1000,504,1011.8
1,2000,1000,504,1022.3
1,2000,1000,504,1007.0
1,2000,1000,504,1023.0
1,2000,1000,504,1016.1
1,2000,1000,504,1011.9
1,2000,1000,504,1005.7
1,2000,1000,504,1005.0
1,2000,1000,504,1015.2
1,2000,1000,504,1016.5
1,2000,1000,504,1005.2
1,2000,1000,504,1009.4
1,2000,1000,504,1009.5
1,2000,1000,504,1016.1
1,2000,1000,504,1021.8
1,2000,1000,504,1030.5
1,2000,1000,504,1008.4
1,2000,1000,504,1007.1
1,2000,1000,504,1009.2
1,2000,1000,504,1020.9
1,2000,1000,504,1018.1
1,2000,1000,504,1013.0
1,2000,1000,504,1027.1
1,2000,1000,504,1022.0
1,2000,1000,504,1024.3
1,2000,1000,504,1017.5
1,2000,1000,504,1011.3
1,2000,1000,504,1010.0
1,2000,1000,504,1032.5
1,2000,1000,504,1044.2
1,2000,1000,504,1027.6
1,2000,1000,504,1017.8
1,2000,1000,504,1010.4
1,2000,1000,504,1023.2
1,2000,1000,504,1018.4
1,2000,1000,504,1023.8
1,2000,1000,504,1025.9
1,2000,1000,504,1023.5
1,2000,1000,504,1036.7
1,2000,1000,504,1035.2
1,2000,1000,504,1017.2
1,2000,1000,504,1011.5
1,2000,1000,504,1021.2
1,2000,1000,504,1039.7
1,2000,1000,504,1030.0
1,2000,1000,504,1029.4
1,2000,1000,504,1020.0
1,2000,1000,504,1016.7
1,2000,1000,504,1017.2
1,2000,1000,504,1029.4
1,2000,1000,504,1032.7
1,2000,1000,504,1035.3
1,2000,1000,504,1028.6
1,2000,1000,504,1028.4
1,2000,1000,504,1014.3
1,2000,1000,504,1011.2
1,2000,1000,504,1017.3
1,2000,1000,504,1019.5
1,2000,1000,504,1036.8
1,2000,1000,504,1048.1
1,2000,1000,504,1048.5
1,2000,1000,504,1030.8
1,2000,1000,504,1035.6
1,2000,1000,504,1030.3
1,2000,1000,504,1017.0
1,2000,1000,504,1014.0
1,2000,1000,504,1016.8
1,2000,1000,504,1015.4
1,2000,1000,504,1012.1
1,2000,1000,504,1024.0
1,2000,1000,504,1023.5
1,2000,1000,504,1024.5
1,2000,1000,504,1011.6
1,2000,1000,504,1024.4
1,2000,1000,504,1024.6
1,2000,1000,504,1028.5
1,2000,1000,504,1022.5
1,2000,1000,504,1032.7
1,2000,1000,504,1011.6
1,2000,1000,504,1010.8
1,2000,1000,504,1022.6
1,2000,1000,504,1023.0
1,2000,1000,504,1013.8
1,2000,1000,504,1023.4
1,2000,1000,504,1027.0
1,2000,1000,504,1023.2
1,2000,1000,504,1018.8
1,2000,1000,504,1028.4
1,2000,1000,504,1013.0
1,2000,1000,504,1012.3
1,2000,1000,504,1018.9
1,2000,1000,504,1019.7
1,2000,1000,504,1015.4
1,2000,1000,504,1026.6
1,2000,1000,504,1020.0
1,2000,1000,504,1013.2
1,2000,1000,504,1022.5
1,2000,1000,504,1021.8
1,2000,1000,504,1008.9
1,2000,1000,504,1014.3
1,2000,1000,504,1021.3
1,2000,1000,504,1020.6
1,2000,1000,504,1022.2
1,2000,1000,504,1018.0
1,2000,1000,504,1017.8
1,2000,1000,504,1021.2
1,2000,1000,504,1028.1
1,2000,1000,504,1031.5
1,2000,1000,504,1021.0
1,2000,1000,504,1018.7
1,2000,1000,504,1019.6
1,2000,1000,504,1017.0
1,2000,1000,504,1015.9
1,2000,1000,504,1018.7
2,2000,1000,504,1019.0
2,2000,1000,504,1016.0
2,2000,1000,504,1030.6
2,2000,1000,504,1035.3
2,2000,1000,504,1034.3
2,2000,1000,504,1042.1
2,2000,1000,504,1036.8
2,2000,1000,504,1036.2
2,2000,1000,504,1046.2
2,2000,1000,504,1056.8
2,2000,1000,504,1015.4
2,2000,1000,504,1013.5
2,2000,1000,504,1019.6
2,2000,1000,504,1015.0
2,2000,1000,504,1013.4
2,2000,1000,504,1015.5
2,2000,1000,504,1021.6
2,2000,1000,504,1033.4
2,2000,1000,504,1044.3
2,2000,1000,504,1047.9
2,2000,1000,504,1016.7
2,2000,1000,504,1019.5
2,2000,1000,504,1020.8
2,2000,1000,504,1015.0
2,2000,1000,504,1015.8
2,2000,1000,504,1015.3
2,2000,1000,504,1021.4
2,2000,1000,504,1037.6
2,2000,1000,504,1032.9
2,2000,1000,504,1025.3
2,2000,1000,504,1020.0
2,2000,1000,504,1021.1
2,2000,1000,504,1019.4
2,2000,1000,504,1018.8
2,2000,1000,504,1020.5
2,2000,1000,504,1019.5
2,2000,1000,504,1016.3
2,2000,1000,504,1013.4
2,2000,1000,504,1023.5
2,2000,1000,504,1023.4
2,2000,1000,504,1014.9
2,2000,1000,504,1016.8
2,2000,1000,504,1016.4
2,2000,1000,504,1019.2
2,2000,1000,504,1018.2
2,2000,1000,504,1023.4
2,2000,1000,504,1016.9
2,2000,1000,504,1018.9
2,2000,1000,504,1024.7
2,2000,1000,504,1022.2
2,2000,1000,504,1017.1
2,2000,1000,504,1021.1
2,2000,1000,504,1016.2
2,2000,1000,504,1015.8
2,2000,1000,504,1014.8
2,2000,1000,504,1016.4
2,2000,1000,504,1019.4
2,2000,1000,504,1024.7
2,2000,1000,504,1016.5
2,2000,1000,504,1020.9
2,2000,1000,504,1015.4
2,2000,1000,504,1020.1
2,2000,1000,504,1017.6
2,2000,1000,504,1021.8
2,2000,1000,504,1021.8
2,2000,1000,504,1016.9
2,2000,1000,504,1015.4
2,2000,1000,504,1017.0
2,2000,1000,504,1023.0
2,2000,1000,504,1032.8
2,2000,1000,504,1017.5
2,2000,1000,504,1016.9
2,2000,1000,504,1018.9
2,2000,1000,504,1021.0
2,2000,1000,504,1017.8
2,2000,1000,504,1014.3
2,2000,1000,504,1020.3
2,2000,1000,504,1016.8
2,2000,1000,504,1027.2
2,2000,1000,504,1039.9
2,2000,1000,504,1020.1
2,2000,1000,504,1017.7
2,2000,1000,504,1019.9
2,2000,1000,504,1017.8
2,2000,1000,504,1023.4
2,2000,1000,504,1024.6
2,2000,1000,504,1024.1
2,2000,1000,504,1021.0
2,2000,1000,504,1020.4
2,2000,1000,504,1030.0
2,2000,1000,504,1020.9
2,2000,1000,504,1017.7
2,2000,1000,504,1021.8
2,2000,1000,504,1020.3
2,2000,1000,504,1027.2
2,2000,1000,504,1026.9
2,2000,1000,504,1025.4
2,2000,1000,504,1020.2
2,2000,1000,504,1017.6
2,2000,1000,504,1029.1
2,2000,1000,504,1017.7
2,2000,1000,504,1018.2
2,2000,1000,504,1015.8
2,2000,1000,504,1015.4
2,2000,1000,504,1027.2
2,2000,1000,504,1018.8
2,2000,1000,504,1028.7
2,2000,1000,504,1015.9
2,2000,1000,504,1026.9
2,2000,1000,504,1027.1
2,2000,1000,504,1016.0
2,2000,1000,504,1017.8
2,2000,1000,504,1016.3
2,2000,1000,504,1022.7
2,2000,1000,504,1020.6
2,2000,1000,504,1020.6
2,2000,1000,504,1017.0
2,2000,1000,504,1024.2
2,2000,1000,504,1018.9
2,2000,1000,504,1031.3
2,2000,1000,504,1021.9
2,2000,1000,504,1023.8
2,2000,1000,504,1019.5
2,2000,1000,504,1020.9
2,2000,1000,504,1017.4
2,2000,1000,504,1020.1
2,2000,1000,504,1015.4
2,2000,1000,504,1019.3
2,2000,1000,504,1021.4
2,2000,1000,504,1031.5
2,2000,1000,504,1022.0
2,2000,1000,504,1015.7
2,2000,1000,504,1018.1
2,2000,1000,504,1014.4
2,2000,1000,504,1013.3
2,2000,1000,504,1014.7
2,2000,1000,504,1014.8
2,2000,1000,504,1018.2
2,2000,1000,504,1021.9
2,2000,1000,504,1023.7
2,2000,1000,504,1013.0
2,2000,1000,504,1012.3
2,2000,1000,504,1013.8
2,2000,1000,504,1014.3
2,2000,1000,504,1014.8
2,2000,1000,504,1016.1
2,2000,1000,504,1011.4
2,2000,1000,504,1024.8
2,2000,1000,504,1016.1
2,2000,1000,504,1025.7
2,2000,1000,504,1026.7
2,2000,1000,504,1025.4
2,2000,1000,504,1015.5
2,2000,1000,504,1016.5
2,2000,1000,504,1016.0
2,2000,1000,504,1015.4
2,2000,1000,504,1014.3
2,2000,1000,504,1018.2
2,2000,1000,504,1022.5
2,2000,1000,504,1025.4
2,2000,1000,504,1019.6
2,2000,1000,504,1014.5
2,2000,1000,504,1007.4
2,2000,1000,504,1008.1
2,2000,1000,504,1014.4
2,2000,1000,504,1011.1
2,2000,1000,504,1011.0
2,2000,1000,504,1007.1
2,2000,1000,504,1013.1
2,2000,1000,504,1027.0
2,2000,1000,504,1013.7
2,2000,1000,504,1018.8
2,2000,1000,504,1010.4
2,2000,1000,504,1002.8
2,2000,1000,504,1008.4
2,2000,1000,504,1007.0
2,2000,1000,504,1008.0
2,2000,1000,504,1005.8
2,2000,1000,504,1009.4
2,2000,1000,504,1004.4
2,2000,1000,504,1016.6
2,2000,1000,504,1014.9
2,2000,1000,504,1018.9
2,2000,1000,504,1009.9
2,2000,1000,504,1011.7
2,2000,1000,504,1010.8
2,2000,1000,504,1005.6
2,2000,1000,504,1003.9
2,2000,1000,504,1006.3
2,2000,1000,504,1010.4
2,2000,1000,504,1016.7
2,2000,1000,504,1017.4
2,2000,1000,504,1024.2
2,2000,1000,504,1026.1
2,2000,1000,504,1009.0
2,2000,1000,504,1006.1
2,2000,1000,504,1004.1
2,2000,1000,504,1007.5
2,2000,1000,504,1012.7
2,2000,1000,504,1020.7
3,2000,1000,504,1005.9
3,2000,1000,504,1008.0
3,2000,1000,504,1009.2
3,2000,1000,504,1006.8
3,2000,1000,504,1009.4
3,2000,1000,504,1008.0
3,2000,1000,504,1015.8
3,2000,1000,504,1031.1
3,2000,1000,504,1018.4
3,2000,1000,504,1028.3
3,2000,1000,504,1008.4
3,2000,1000,504,1011.3
3,2000,1000,504,1009.9
3,2000,1000,504,1009.0
3,2000,1000,504,1008.0
3,2000,1000,504,1007.2
3,2000,1000,504,1013.4
3,2000,1000,504,1009.6
3,2000,1000,504,1011.3
3,2000,1000,504,1012.9
3,2000,1000,504,1009.7
3,2000,1000,504,1010.1
3,2000,1000,504,1009.5
3,2000,1000,504,1012.2
3,2000,1000,504,1009.0
3,2000,1000,504,1011.4
3,2000,1000,504,1012.5
3,2000,1000,504,1016.1
3,2000,1000,504,1020.1
3,2000,1000,504,1020.3
3,2000,1000,504,1011.4
3,2000,1000,504,1011.4
3,2000,1000,504,1016.0
3,2000,1000,504,1014.4
3,2000,1000,504,1011.0
3,2000,1000,504,1009.9
3,2000,1000,504,1014.3
3,2000,1000,504,1020.1
3,2000,1000,504,1011.8
3,2000,1000,504,1020.4
3,2000,1000,504,1012.4
3,2000,1000,504,1013.3
3,2000,1000,504,1016.7
3,2000,1000,504,1014.1
3,2000,1000,504,1021.2
3,2000,1000,504,1014.4
3,2000,1000,504,1011.9
3,2000,1000,504,1015.9
3,2000,1000,504,1023.7
3,2000,1000,504,1022.2
3,2000,1000,504,1009.7
3,2000,1000,504,1012.6
3,2000,1000,504,1015.1
3,2000,1000,504,1016.0
3,2000,1000,504,1019.5
3,2000,1000,504,1016.9
3,2000,1000,504,1016.2
3,2000,1000,504,1011.8
3,2000,1000,504,1019.2
3,2000,1000,504,1020.7
3,2000,1000,504,1010.8
3,2000,1000,504,1010.3
3,2000,1000,504,1011.8
3,2000,1000,504,1017.6
3,2000,1000,504,1015.6
3,2000,1000,504,1023.7
3,2000,1000,504,1015.5
3,2000,1000,504,1011.0
3,2000,1000,504,1010.1
3,2000,1000,504,1023.3
3,2000,1000,504,1010.4
3,2000,1000,504,1015.2
3,2000,1000,504,1014.8
3,2000,1000,504,1013.2
3,2000,1000,504,1013.4
3,2000,1000,504,1017.1
3,2000,1000,504,1011.0
3,2000,1000,504,1014.7
3,2000,1000,504,1021.5
3,2000,1000,504,1034.5
3,2000,1000,504,1009.6
3,2000,1000,504,1011.4
3,2000,1000,504,1011.7
3,2000,1000,504,1009.7
3,2000,1000,504,1011.3
3,2000,1000,504,1014.0
3,2000,1000,504,1009.7
3,2000,1000,504,1010.4
3,2000,1000,504,1028.5
3,2000,1000,504,1028.0
3,2000,1000,504,1009.6
3,2000,1000,504,1013.9
3,2000,1000,504,1010.6
3,2000,1000,504,1010.0
3,2000,1000,504,1011.2
3,2000,1000,504,1014.0
3,2000,1000,504,1011.8
3,2000,1000,504,1012.4
3,2000,1000,504,1015.7
3,2000,1000,504,1022.0
3,2000,1000,504,1013.1
3,2000,1000,504,1012.7
3,2000,1000,504,1013.7
3,2000,1000,504,1017.1
3,2000,1000,504,1014.7
3,2000,1000,504,1018.0
3,2000,1000,504,1009.7
3,2000,1000,504,1016.6
3,2000,1000,504,1013.8
3,2000,1000,504,1014.4
3,2000,1000,504,1016.4
3,2000,1000,504,1020.5
3,2000,1000,504,1019.9
3,2000,1000,504,1012.9
3,2000,1000,504,1012.4
3,2000,1000,504,1018.3
3,2000,1000,504,1014.5
3,2000,1000,504,1017.4
3,2000,1000,504,1016.2
3,2000,1000,504,1015.5
3,2000,1000,504,1016.7
3,2000,1000,504,1013.8
3,2000,1000,504,1019.2
3,2000,1000,504,1027.6
3,2000,1000,504,1020.7
3,2000,1000,504,1026.8
3,2000,1000,504,1026.4
3,2000,1000,504,1011.4
3,2000,1000,504,1014.4
3,2000,1000,504,1016.4
3,2000,1000,504,1015.3
3,2000,1000,504,1016.8
3,2000,1000,504,1024.9
3,2000,1000,504,1020.4
3,2000,1000,504,1029.4
3,2000,1000,504,1028.2
3,2000,1000,504,1027.2
3,2000,1000,504,1012.2
3,2000,1000,504,1017.5
3,2000,1000,504,1025.0
3,2000,1000,504,1016.7
3,2000,1000,504,1011.6
3,2000,1000,504,1014.7
3,2000,1000,504,1013.8
3,2000,1000,504,1020.1
3,2000,1000,504,1015.5
3,2000,1000,504,1019.8
3,2000,1000,504,1010.3
3,2000,1000,504,1018.7
3,2000,1000,504,1017.9
3,2000,1000,504,1015.2
3,2000,1000,504,1012.0
3,2000,1000,504,1012.7
3,2000,1000,504,1013.9
3,2000,1000,504,1013.3
3,2000,1000,504,1012.8
3,2000,1000,504,1017.0
3,2000,1000,504,1011.1
3,2000,1000,504,1025.2
3,2000,1000,504,1028.0
3,2000,1000,504,1013.1
3,2000,1000,504,1014.7
3,2000,1000,504,1016.5
3,2000,1000,504,1019.4
3,2000,1000,504,1014.0
3,2000,1000,504,1022.7
3,2000,1000,504,1028.9
3,2000,1000,504,1038.5
3,2000,1000,504,1032.7
3,2000,1000,504,1033.4
3,2000,1000,504,1012.8
3,2000,1000,504,1013.8
3,2000,1000,504,1018.3
3,2000,1000,504,1018.4
3,2000,1000,504,1012.3
3,2000,1000,504,1042.2
3,2000,1000,504,1027.1
3,2000,1000,504,1046.0
3,2000,1000,504,1031.0
3,2000,1000,504,1028.7
3,2000,1000,504,1014.7
3,2000,1000,504,1013.8
3,2000,1000,504,1018.2
3,2000,1000,504,1011.2
3,2000,1000,504,1011.7
3,2000,1000,504,1027.5
3,2000,1000,504,1022.4
3,2000,1000,504,1030.4
3,2000,1000,504,1016.1
3,2000,1000,504,1014.5
3,2000,1000,504,1013.2
3,2000,1000,504,1012.6
3,2000,1000,504,1016.3
3,2000,1000,504,1015.9
3,2000,1000,504,1015.1
3,2000,1000,504,1013.4
3,2000,1000,504,1013.9
3,2000,1000,504,1020.1
3,2000,1000,504,1016.7
3,2000,1000,504,1019.7
1,0,30000,200,56.6
1,0,30000,200,62.3
1,0,30000,200,61.0
1,0,30000,200,76.1
1,0,30000,200,61.7
1,0,30000,200,54.2
1,0,30000,200,42.9
1,0,30000,200,77.7
1,0,30000,200,50.6
1,0,30000,200,28.3
1,0,30000,200,27.7
1,0,30000,200,52.2
1,0,30000,200,46.5
1,0,30000,200,98.1
1,0,30000,200,70.4
1,0,30000,200,82.6
1,0,30000,200,97.1
1,0,30000,200,90.5
1,0,30000,200,82.6
1,0,30000,200,195.2
1,0,30000,200,82.7
1,0,30000,200,82.3
1,0,30000,200,95.2
1,0,30000,200,84.3
1,0,30000,200,250.1
1,0,30000,200,105.7
1,0,30000,200,78.0
1,0,30000,200,66.5
1,0,30000,200,115.0
1,0,30000,200,72.0
1,0,30000,200,132.9
1,0,30000,200,76.0
1,0,30000,200,361.5
1,0,30000,200,89.9
1,0,30000,200,68.1
1,0,30000,200,66.0
1,0,30000,200,83.0
1,0,30000,200,58.0
1,0,30000,200,67.4
1,0,30000,200,51.9
1,0,30000,200,54.9
1,0,30000,200,57.8
1,0,30000,200,498.3
1,0,30000,200,59.8
1,0,30000,200,67.4
1,0,30000,200,63.9
1,0,30000,200,56.4
1,0,30000,200,49.9
1,0,30000,200,166.0
1,0,30000,200,58.3
1,0,30000,200,228.7
1,0,30000,200,66.2
1,0,30000,200,413.4
1,0,30000,200,79.4
1,0,30000,200,54.5
1,0,30000,200,81.8
1,0,30000,200,55.0
1,0,30000,200,102.8
1,0,30000,200,64.0
1,0,30000,200,59.6
1,0,30000,200,65.8
1,0,30000,200,59.5
1,0,30000,200,182.1
1,0,30000,200,62.7
1,0,30000,200,69.9
1,0,30000,200,52.3
1,0,30000,200,56.0
1,0,30000,200,398.2
1,0,30000,200,75.7
1,0,30000,200,72.6
1,0,30000,200,211.4
1,0,30000,200,87.8
1,0,30000,200,83.7
1,0,30000,200,283.6
1,0,30000,200,79.5
1,0,30000,200,241.9
1,0,30000,200,71.9
1,0,30000,200,70.1
1,0,30000,200,110.9
1,0,30000,200,76.2
1,0,30000,200,69.3
1,0,30000,200,678.5
1,0,30000,200,85.7
1,0,30000,200,88.6
1,0,30000,200,85.8
1,0,30000,200,79.7
1,0,30000,200,71.7
1,0,30000,200,68.4
1,0,30000,200,278.7
1,0,30000,200,47.0
1,0,30000,200,42.7
1,0,30000,200,36.5
1,0,30000,200,40.2
1,0,30000,200,26.5
1,0,30000,200,30.5
1,0,30000,200,27.0
1,0,30000,200,258.9
1,0,30000,200,262.7
1,0,30000,200,29.4
1,0,30000,200,25.8
1,0,30000,200,30.5
1,0,30000,200,30.3
1,0,30000,200,34.3
1,0,30000,200,28.6
1,0,30000,200,38.5
1,0,30000,200,27.9
1,0,30000,200,53.7
1,0,30000,200,28.3
1,0,30000,200,28.2
1,0,30000,200,52.9
1,0,30000,200,37.5
1,0,30000,200,35.0
1,0,30000,200,40.5
1,0,30000,200,77.2
1,0,30000,200,43.5
1,0,30000,200,40.8
1,0,30000,200,101.1
1,0,30000,200,41.9
1,0,30000,200,47.9
1,0,30000,200,42.3
1,0,30000,200,124.0
1,0,30000,200,38.3
1,0,30000,200,35.2
1,0,30000,200,35.4
1,0,30000,200,46.6
1,0,30000,200,25.9
1,0,30000,200,32.8
1,0,30000,200,48.4
1,0,30000,200,35.8
1,0,30000,200,41.9
1,0,30000,200,42.3
1,0,30000,200,55.0
1,0,30000,200,43.5
1,0,30000,200,41.6
1,0,30000,200,75.6
1,0,30000,200,31.8
1,0,30000,200,48.7
1,0,30000,200,28.3
1,0,30000,200,45.4
1,0,30000,200,34.4
1,0,30000,200,31.4
1,0,30000,200,69.7
1,0,30000,200,33.7
1,0,30000,200,29.3
1,0,30000,200,103.9
1,0,30000,200,30.2
1,0,30000,200,33.6
1,0,30000,200,32.1
1,0,30000,200,33.7
1,0,30000,200,43.2
1,0,30000,200,103.1
1,0,30000,200,44.7
1,0,30000,200,125.8
1,0,30000,200,47.8
1,0,30000,200,40.6
1,0,30000,200,40.1
1,0,30000,200,50.2
1,0,30000,200,304.7
1,0,30000,200,41.7
1,0,30000,200,47.7
1,0,30000,200,29.9
1,0,30000,200,46.9
1,0,30000,200,28.2
1,0,30000,200,61.4
1,0,30000,200,31.9
1,0,30000,200,34.4
1,0,30000,200,96.6
1,0,30000,200,51.1
1,0,30000,200,52.7
1,0,30000,200,126.5
1,0,30000,200,51.2
1,0,30000,200,57.5
1,0,30000,200,60.7
1,0,30000,200,122.9
1,0,30000,200,47.4
1,0,30000,200,38.6
1,0,30000,200,36.4
1,0,30000,200,144.8
1,0,30000,200,36.9
1,0,30000,200,32.6
1,0,30000,200,51.9
1,0,30000,200,39.1
1,0,30000,200,55.8
1,0,30000,200,38.1
1,0,30000,200,185.7
1,0,30000,200,31.9
1,0,30000,200,30.2
1,0,30000,200,65.3
1,0,30000,200,30.9
1,0,30000,200,32.7
1,0,30000,200,108.7
1,0,30000,200,42.6
1,0,30000,200,42.1
1,0,30000,200,45.2
1,0,30000,200,123.4
1,0,30000,200,48.0
1,0,30000,200,40.2
1,0,30000,200,47.0
1,0,30000,200,146.2
1,0,30000,200,121.5
2,0,30000,200,46.3
2,0,30000,200,57.9
2,0,30000,200,43.7
2,0,30000,200,41.7
2,0,30000,200,66.2
2,0,30000,200,43.2
2,0,30000,200,41.6
2,0,30000,200,33.6
2,0,30000,200,30.5
2,0,30000,200,28.5
2,0,30000,200,127.3
2,0,30000,200,30.7
2,0,30000,200,64.8
2,0,30000,200,70.6
2,0,30000,200,80.8
2,0,30000,200,85.1
2,0,30000,200,79.5
2,0,30000,200,50.5
2,0,30000,200,146.5
2,0,30000,200,50.8
2,0,30000,200,158.4
2,0,30000,200,37.1
2,0,30000,200,184.3
2,0,30000,200,38.5
2,0,30000,200,27.6
2,0,30000,200,45.4
2,0,30000,200,28.4
2,0,30000,200,87.4
2,0,30000,200,30.6
2,0,30000,200,316.9
2,0,30000,200,77.8
2,0,30000,200,41.2
2,0,30000,200,39.8
2,0,30000,200,39.3
2,0,30000,200,45.9
2,0,30000,200,113.4
2,0,30000,200,49.9
2,0,30000,200,51.5
2,0,30000,200,54.5
2,0,30000,200,63.3
2,0,30000,200,55.3
2,0,30000,200,188.4
2,0,30000,200,64.0
2,0,30000,200,62.9
2,0,30000,200,60.5
2,0,30000,200,59.3
2,0,30000,200,51.7
2,0,30000,200,52.0
2,0,30000,200,180.3
2,0,30000,200,55.5
2,0,30000,200,52.4
2,0,30000,200,57.7
2,0,30000,200,61.0
2,0,30000,200,181.7
2,0,30000,200,64.7
2,0,30000,200,243.9
2,0,30000,200,43.2
2,0,30000,200,42.6
2,0,30000,200,80.3
2,0,30000,200,36.1
2,0,30000,200,31.0
2,0,30000,200,65.8
2,0,30000,200,32.9
2,0,30000,200,111.8
2,0,30000,200,26.1
2,0,30000,200,107.7
2,0,30000,200,30.8
2,0,30000,200,67.4
2,0,30000,200,30.6
2,0,30000,200,30.6
2,0,30000,200,85.0
2,0,30000,200,33.6
2,0,30000,200,32.5
2,0,30000,200,131.3
2,0,30000,200,52.2
2,0,30000,200,55.8
2,0,30000,200,58.5
2,0,30000,200,83.9
2,0,30000,200,169.4
2,0,30000,200,100.0
2,0,30000,200,97.8
2,0,30000,200,84.2
2,0,30000,200,101.6
2,0,30000,200,98.6
2,0,30000,200,196.7
2,0,30000,200,95.6
2,0,30000,200,63.8
2,0,30000,200,225.3
2,0,30000,200,54.9
2,0,30000,200,55.4
2,0,30000,200,52.5
2,0,30000,200,39.3
2,0,30000,200,53.5
2,0,30000,200,48.4
2,0,30000,200,48.6
2,0,30000,200,64.8
2,0,30000,200,41.1
2,0,30000,200,40.7
2,0,30000,200,104.2
2,0,30000,200,38.4
2,0,30000,200,35.3
2,0,30000,200,33.8
2,0,30000,200,33.5
2,0,30000,200,123.1
2,0,30000,200,43.1
2,0,30000,200,41.3
2,0,30000,200,176.6
2,0,30000,200,48.6
2,0,30000,200,47.5
2,0,30000,200,55.4
2,0,30000,200,48.9
2,0,30000,200,161.3
2,0,30000,200,38.2
2,0,30000,200,53.0
2,0,30000,200,61.4
2,0,30000,200,34.6
2,0,30000,200,33.9
2,0,30000,200,39.4
2,0,30000,200,82.2
2,0,30000,200,45.1
2,0,30000,200,74.4
2,0,30000,200,43.0
2,0,30000,200,93.0
2,0,30000,200,64.2
2,0,30000,200,104.2
2,0,30000,200,78.0
2,0,30000,200,75.9
2,0,30000,200,112.5
2,0,30000,200,67.0
2,0,30000,200,58.4
2,0,30000,200,209.3
2,0,30000,200,56.0
2,0,30000,200,49.8
2,0,30000,200,54.2
2,0,30000,200,186.2
2,0,30000,200,57.1
2,0,30000,200,49.7
2,0,30000,200,49.0
2,0,30000,200,210.3
2,0,30000,200,45.6
2,0,30000,200,43.9
2,0,30000,200,39.7
2,0,30000,200,46.4
2,0,30000,200,26.4
2,0,30000,200,49.9
2,0,30000,200,26.5
2,0,30000,200,62.0
2,0,30000,200,34.0
2,0,30000,200,33.9
2,0,30000,200,55.6
2,0,30000,200,37.4
2,0,30000,200,37.8
2,0,30000,200,305.9
2,0,30000,200,40.9
2,0,30000,200,40.9
2,0,30000,200,41.1
2,0,30000,200,97.4
2,0,30000,200,47.6
2,0,30000,200,41.3
2,0,30000,200,46.8
2,0,30000,200,138.1
2,0,30000,200,50.8
2,0,30000,200,47.1
2,0,30000,200,48.1
2,0,30000,200,48.2
2,0,30000,200,53.2
2,0,30000,200,58.4
2,0,30000,200,55.0
2,0,30000,200,81.7
2,0,30000,200,60.7
2,0,30000,200,61.5
2,0,30000,200,83.8
2,0,30000,200,50.1
2,0,30000,200,72.6
2,0,30000,200,32.5
2,0,30000,200,39.8
2,0,30000,200,35.5
2,0,30000,200,81.5
2,0,30000,200,34.0
2,0,30000,200,35.4
2,0,30000,200,255.4
2,0,30000,200,35.4
2,0,30000,200,35.1
2,0,30000,200,33.6
2,0,30000,200,30.7
2,0,30000,200,26.3
2,0,30000,200,27.6
2,0,30000,200,22.7
2,0,30000,200,26.7
2,0,30000,200,25.3
2,0,30000,200,39.3
2,0,30000,200,28.9
2,0,30000,200,44.5
2,0,30000,200,34.2
2,0,30000,200,203.5
2,0,30000,200,42.3
2,0,30000,200,224.5
2,0,30000,200,92.5
2,0,30000,200,124.7
2,0,30000,200,116.1
3,0,30000,200,59.3
3,0,30000,200,63.3
3,0,30000,200,35.9
3,0,30000,200,32.1
3,0,30000,200,29.5
3,0,30000,200,85.6
3,0,30000,200,34.9
3,0,30000,200,37.5
3,0,30000,200,35.2
3,0,30000,200,46.1
3,0,30000,200,23.4
3,0,30000,200,120.3
3,0,30000,200,49.0
3,0,30000,200,61.7
3,0,30000,200,67.7
3,0,30000,200,71.1
3,0,30000,200,80.1
3,0,30000,200,70.2
3,0,30000,200,69.7
3,0,30000,200,73.7
3,0,30000,200,68.3
3,0,30000,200,57.4
3,0,30000,200,52.3
3,0,30000,200,48.2
3,0,30000,200,46.0
3,0,30000,200,48.4
3,0,30000,200,48.2
3,0,30000,200,42.7
3,0,30000,200,48.1
3,0,30000,200,43.7
3,0,30000,200,40.4
3,0,30000,200,293.4
3,0,30000,200,49.7
3,0,30000,200,47.7
3,0,30000,200,46.7
3,0,30000,200,42.6
3,0,30000,200,40.0
3,0,30000,200,82.0
3,0,30000,200,46.1
3,0,30000,200,45.0
3,0,30000,200,44.6
3,0,30000,200,38.1
3,0,30000,200,45.0
3,0,30000,200,387.4
3,0,30000,200,36.2
3,0,30000,200,39.6
3,0,30000,200,44.1
3,0,30000,200,151.8
3,0,30000,200,42.4
3,0,30000,200,539.4
3,0,30000,200,34.7
3,0,30000,200,65.0
3,0,30000,200,32.9
3,0,30000,200,69.3
3,0,30000,200,40.8
3,0,30000,200,40.2
3,0,30000,200,41.1
3,0,30000,200,77.6
3,0,30000,200,47.4
3,0,30000,200,480.0
3,0,30000,200,37.9
3,0,30000,200,39.0
3,0,30000,200,41.2
3,0,30000,200,133.2
3,0,30000,200,52.6
3,0,30000,200,46.3
3,0,30000,200,159.2
3,0,30000,200,45.7
3,0,30000,200,49.3
3,0,30000,200,47.0
3,0,30000,200,36.2
3,0,30000,200,87.7
3,0,30000,200,37.8
3,0,30000,200,36.8
3,0,30000,200,57.4
3,0,30000,200,41.1
3,0,30000,200,37.9
3,0,30000,200,43.0
3,0,30000,200,36.3
3,0,30000,200,36.7
3,0,30000,200,49.4
3,0,30000,200,46.7
3,0,30000,200,43.2
3,0,30000,200,44.2
3,0,30000,200,41.1
3,0,30000,200,39.2
3,0,30000,200,34.6
3,0,30000,200,30.9
3,0,30000,200,32.9
3,0,30000,200,35.0
3,0,30000,200,31.4
3,0,30000,200,33.6
3,0,30000,200,31.2
3,0,30000,200,32.4
3,0,30000,200,34.1
3,0,30000,200,340.1
3,0,30000,200,46.1
3,0,30000,200,33.7
3,0,30000,200,36.9
3,0,30000,200,38.2
3,0,30000,200,71.3
3,0,30000,200,41.3
3,0,30000,200,35.0
3,0,30000,200,31.4
3,0,30000,200,33.1
3,0,30000,200,212.6
3,0,30000,200,34.2
3,0,30000,200,34.7
3,0,30000,200,36.9
3,0,30000,200,32.8
3,0,30000,200,135.2
3,0,30000,200,32.2
3,0,30000,200,35.7
3,0,30000,200,40.1
3,0,30000,200,37.5
3,0,30000,200,38.8
3,0,30000,200,37.5
3,0,30000,200,38.3
3,0,30000,200,40.5
3,0,30000,200,37.2
3,0,30000,200,33.8
3,0,30000,200,32.5
3,0,30000,200,27.2
3,0,30000,200,26.3
3,0,30000,200,28.3
3,0,30000,200,43.9
3,0,30000,200,53.0
3,0,30000,200,59.4
3,0,30000,200,58.7
3,0,30000,200,64.4
3,0,30000,200,61.2
3,0,30000,200,139.9
3,0,30000,200,399.9
3,0,30000,200,64.8
3,0,30000,200,60.5
3,0,30000,200,54.6
3,0,30000,200,117.1
3,0,30000,200,52.0
3,0,30000,200,49.0
3,0,30000,200,50.2
3,0,30000,200,60.4
3,0,30000,200,73.4
3,0,30000,200,86.3
3,0,30000,200,123.7
3,0,30000,200,350.9
3,0,30000,200,442.1
3,0,30000,200,562.8
3,0,30000,200,606.2
3,0,30000,200,582.2
3,0,30000,200,378.1
3,0,30000,200,1294.2
3,0,30000,200,1429.3
3,0,30000,200,138.9
3,0,30000,200,133.8
3,0,30000,200,291.0
3,0,30000,200,147.6
3,0,30000,200,1318.4
3,0,30000,200,138.8
3,0,30000,200,128.4
3,0,30000,200,106.5
3,0,30000,200,1222.3
3,0,30000,200,115.8
3,0,30000,200,115.2
3,0,30000,200,114.5
3,0,30000,200,112.1
3,0,30000,200,98.2
3,0,30000,200,102.2
3,0,30000,200,97.8
3,0,30000,200,91.9
3,0,30000,200,98.4
3,0,30000,200,84.1
3,0,30000,200,97.7
3,0,30000,200,519.0
3,0,30000,200,103.2
3,0,30000,200,211.6
3,0,30000,200,98.7
3,0,30000,200,216.1
3,0,30000,200,116.2
3,0,30000,200,107.7
3,0,30000,200,117.3
3,0,30000,200,109.6
3,0,30000,200,108.5
3,0,30000,200,895.0
3,0,30000,200,121.9
3,0,30000,200,118.7
3,0,30000,200,111.0
3,0,30000,200,798.3
3,0,30000,200,116.4
3,0,30000,200,1214.7
3,0,30000,200,124.9
3,0,30000,200,107.5
3,0,30000,200,117.5
3,0,30000,200,1884.2
3,0,30000,200,108.4
3,0,30000,200,95.6
3,0,30000,200,125.6
3,0,30000,200,75.2
3,0,30000,200,508.3
3,0,30000,200,230.8
3,0,30000,200,125.7
1,250,30000,200,267.3
1,250,30000,200,273.0
1,250,30000,200,282.6
1,250,30000,200,312.9
1,250,30000,200,317.0
1,250,30000,200,292.4
1,250,30000,200,317.1
1,250,30000,200,332.0
1,250,30000,200,361.7
1,250,30000,200,335.9
1,250,30000,200,266.2
1,250,30000,200,272.4
1,250,30000,200,275.6
1,250,30000,200,279.1
1,250,30000,200,284.8
1,250,30000,200,287.8
1,250,30000,200,300.3
1,250,30000,200,298.4
1,250,30000,200,292.8
1,250,30000,200,306.5
1,250,30000,200,279.4
1,250,30000,200,272.7
1,250,30000,200,274.2
1,250,30000,200,277.0
1,250,30000,200,300.6
1,250,30000,200,307.0
1,250,30000,200,299.4
1,250,30000,200,291.9
1,250,30000,200,279.6
1,250,30000,200,308.8
1,250,30000,200,353.3
1,250,30000,200,270.8
1,250,30000,200,271.0
1,250,30000,200,271.3
1,250,30000,200,284.2
1,250,30000,200,283.5
1,250,30000,200,274.5
1,250,30000,200,278.9
1,250,30000,200,294.1
1,250,30000,200,284.0
1,250,30000,200,308.6
1,250,30000,200,272.0
1,250,30000,200,272.1
1,250,30000,200,276.8
1,250,30000,200,276.4
1,250,30000,200,268.6
1,250,30000,200,271.2
1,250,30000,200,267.6
1,250,30000,200,279.5
1,250,30000,200,285.1
1,250,30000,200,283.6
1,250,30000,200,267.7
1,250,30000,200,270.1
1,250,30000,200,272.2
1,250,30000,200,267.6
1,250,30000,200,267.7
1,250,30000,200,284.8
1,250,30000,200,286.3
1,250,30000,200,285.7
1,250,30000,200,282.5
1,250,30000,200,286.8
1,250,30000,200,278.6
1,250,30000,200,264.9
1,250,30000,200,263.1
1,250,30000,200,274.5
1,250,30000,200,279.1
1,250,30000,200,276.3
1,250,30000,200,275.2
1,250,30000,200,267.4
1,250,30000,200,271.2
1,250,30000,200,265.7
1,250,30000,200,270.4
1,250,30000,200,265.6
1,250,30000,200,272.9
1,250,30000,200,273.7
1,250,30000,200,279.5
1,250,30000,200,276.8
1,250,30000,200,277.5
1,250,30000,200,274.7
1,250,30000,200,271.5
1,250,30000,200,274.9
1,250,30000,200,272.4
1,250,30000,200,278.9
1,250,30000,200,269.2
1,250,30000,200,286.1
1,250,30000,200,286.3
1,250,30000,200,278.9
1,250,30000,200,282.1
1,250,30000,200,277.0
1,250,30000,200,275.6
1,250,30000,200,272.7
1,250,30000,200,278.4
1,250,30000,200,273.5
1,250,30000,200,273.3
1,250,30000,200,280.1
1,250,30000,200,271.3
1,250,30000,200,278.8
1,250,30000,200,277.4
1,250,30000,200,278.6
1,250,30000,200,277.7
1,250,30000,200,276.6
1,250,30000,200,271.8
1,250,30000,200,269.3
1,250,30000,200,282.0
1,250,30000,200,269.1
1,250,30000,200,268.9
1,250,30000,200,275.9
1,250,30000,200,272.6
1,250,30000,200,277.5
1,250,30000,200,279.2
1,250,30000,200,275.8
1,250,30000,200,277.2
1,250,30000,200,282.0
1,250,30000,200,271.0
1,250,30000,200,269.6
1,250,30000,200,273.3
1,250,30000,200,269.1
1,250,30000,200,269.5
1,250,30000,200,269.4
1,250,30000,200,276.2
1,250,30000,200,282.2
1,250,30000,200,277.1
1,250,30000,200,268.1
1,250,30000,200,264.5
1,250,30000,200,274.7
1,250,30000,200,274.4
1,250,30000,200,293.3
1,250,30000,200,290.1
1,250,30000,200,287.5
1,250,30000,200,278.3
1,250,30000,200,284.1
1,250,30000,200,282.4
1,250,30000,200,285.9
1,250,30000,200,274.0
1,250,30000,200,278.5
1,250,30000,200,291.2
1,250,30000,200,290.1
1,250,30000,200,294.7
1,250,30000,200,279.9
1,250,30000,200,278.2
1,250,30000,200,275.7
1,250,30000,200,279.7
1,250,30000,200,288.9
1,250,30000,200,276.9
1,250,30000,200,284.2
1,250,30000,200,277.2
1,250,30000,200,274.8
1,250,30000,200,277.7
1,250,30000,200,275.3
1,250,30000,200,272.1
1,250,30000,200,283.3
1,250,30000,200,290.7
1,250,30000,200,280.4
1,250,30000,200,267.1
1,250,30000,200,272.8
1,250,30000,200,270.6
1,250,30000,200,273.4
1,250,30000,200,271.3
1,250,30000,200,266.1
1,250,30000,200,279.2
1,250,30000,200,266.3
1,250,30000,200,276.8
1,250,30000,200,275.0
1,250,30000,200,265.6
1,250,30000,200,273.8
1,250,30000,200,269.7
1,250,30000,200,268.5
1,250,30000,200,269.5
1,250,30000,200,267.7
1,250,30000,200,282.8
1,250,30000,200,267.9
1,250,30000,200,275.8
1,250,30000,200,276.1
1,250,30000,200,275.5
1,250,30000,200,267.9
1,250,30000,200,268.4
1,250,30000,200,269.6
1,250,30000,200,268.6
1,250,30000,200,288.5
1,250,30000,200,311.0
1,250,30000,200,315.5
1,250,30000,200,299.0
1,250,30000,200,301.4
1,250,30000,200,303.2
1,250,30000,200,264.5
1,250,30000,200,264.8
1,250,30000,200,277.0
1,250,30000,200,275.0
1,250,30000,200,302.5
1,250,30000,200,287.7
1,250,30000,200,281.2
1,250,30000,200,297.1
1,250,30000,200,296.9
1,250,30000,200,292.6
1,250,30000,200,267.9
1,250,30000,200,272.9
1,250,30000,200,268.8
1,250,30000,200,272.3
1,250,30000,200,274.6
1,250,30000,200,269.7
2,250,30000,200,270.4
2,250,30000,200,276.9
2,250,30000,200,273.4
2,250,30000,200,274.3
2,250,30000,200,269.2
2,250,30000,200,267.3
2,250,30000,200,268.9
2,250,30000,200,266.6
2,250,30000,200,273.4
2,250,30000,200,278.5
2,250,30000,200,272.6
2,250,30000,200,265.7
2,250,30000,200,277.4
2,250,30000,200,280.3
2,250,30000,200,289.0
2,250,30000,200,289.4
2,250,30000,200,290.4
2,250,30000,200,297.5
2,250,30000,200,330.6
2,250,30000,200,325.0
2,250,30000,200,273.0
2,250,30000,200,271.1
2,250,30000,200,279.3
2,250,30000,200,282.2
2,250,30000,200,281.9
2,250,30000,200,311.0
2,250,30000,200,355.3
2,250,30000,200,311.5
2,250,30000,200,314.5
2,250,30000,200,375.4
2,250,30000,200,269.1
2,250,30000,200,265.7
2,250,30000,200,266.9
2,250,30000,200,268.0
2,250,30000,200,269.3
2,250,30000,200,267.8
2,250,30000,200,283.1
2,250,30000,200,279.3
2,250,30000,200,280.4
2,250,30000,200,298.0
2,250,30000,200,278.4
2,250,30000,200,274.1
2,250,30000,200,270.4
2,250,30000,200,271.4
2,250,30000,200,271.9
2,250,30000,200,268.0
2,250,30000,200,274.2
2,250,30000,200,270.9
2,250,30000,200,283.0
2,250,30000,200,290.2
2,250,30000,200,293.7
2,250,30000,200,298.5
2,250,30000,200,275.5
2,250,30000,200,263.3
2,250,30000,200,268.6
2,250,30000,200,266.3
2,250,30000,200,275.1
2,250,30000,200,277.7
2,250,30000,200,279.6
2,250,30000,200,273.1
2,250,30000,200,282.8
2,250,30000,200,284.9
2,250,30000,200,280.7
2,250,30000,200,268.4
2,250,30000,200,264.6
2,250,30000,200,269.5
2,250,30000,200,273.4
2,250,30000,200,269.9
2,250,30000,200,266.1
2,250,30000,200,275.0
2,250,30000,200,270.6
2,250,30000,200,277.5
2,250,30000,200,284.8
2,250,30000,200,281.3
2,250,30000,200,271.1
2,250,30000,200,268.4
2,250,30000,200,269.1
2,250,30000,200,264.7
2,250,30000,200,275.0
2,250,30000,200,273.2
2,250,30000,200,265.0
2,250,30000,200,277.4
2,250,30000,200,281.5
2,250,30000,200,281.7
2,250,30000,200,279.8
2,250,30000,200,271.8
2,250,30000,200,275.7
2,250,30000,200,276.8
2,250,30000,200,269.3
2,250,30000,200,263.9
2,250,30000,200,270.4
2,250,30000,200,281.0
2,250,30000,200,272.9
2,250,30000,200,272.6
2,250,30000,200,271.6
2,250,30000,200,269.8
2,250,30000,200,271.2
2,250,30000,200,278.6
2,250,30000,200,269.7
2,250,30000,200,268.0
2,250,30000,200,277.3
2,250,30000,200,279.8
2,250,30000,200,292.5
2,250,30000,200,292.2
2,250,30000,200,299.2
2,250,30000,200,291.0
2,250,30000,200,270.0
2,250,30000,200,270.7
2,250,30000,200,265.0
2,250,30000,200,267.2
2,250,30000,200,269.7
2,250,30000,200,279.4
2,250,30000,200,288.2
2,250,30000,200,295.9
2,250,30000,200,277.8
2,250,30000,200,298.0
2,250,30000,200,274.2
2,250,30000,200,267.9
2,250,30000,200,266.8
2,250,30000,200,269.9
2,250,30000,200,268.2
2,250,30000,200,267.7
2,250,30000,200,265.8
2,250,30000,200,274.2
2,250,30000,200,275.2
2,250,30000,200,277.2
2,250,30000,200,279.0
2,250,30000,200,282.4
2,250,30000,200,279.5
2,250,30000,200,278.6
2,250,30000,200,277.0
2,250,30000,200,274.1
2,250,30000,200,275.9
2,250,30000,200,265.5
2,250,30000,200,266.0
2,250,30000,200,288.1
2,250,30000,200,272.5
2,250,30000,200,272.3
2,250,30000,200,283.8
2,250,30000,200,278.2
2,250,30000,200,264.9
2,250,30000,200,269.1
2,250,30000,200,268.1
2,250,30000,200,265.2
2,250,30000,200,272.1
2,250,30000,200,269.5
2,250,30000,200,267.4
2,250,30000,200,266.2
2,250,30000,200,279.6
2,250,30000,200,313.9
2,250,30000,200,392.7
2,250,30000,200,384.0
2,250,30000,200,376.2
2,250,30000,200,386.1
2,250,30000,200,365.5
2,250,30000,200,359.5
2,250,30000,200,316.3
2,250,30000,200,311.3
2,250,30000,200,361.9
2,250,30000,200,388.2
2,250,30000,200,352.2
2,250,30000,200,336.6
2,250,30000,200,295.0
2,250,30000,200,299.9
2,250,30000,200,357.6
2,250,30000,200,393.9
2,250,30000,200,367.8
2,250,30000,200,346.9
2,250,30000,200,289.4
2,250,30000,200,272.8
2,250,30000,200,268.1
2,250,30000,200,278.6
2,250,30000,200,279.5
2,250,30000,200,279.2
2,250,30000,200,278.1
2,250,30000,200,303.5
2,250,30000,200,325.8
2,250,30000,200,337.7
2,250,30000,200,321.5
2,250,30000,200,281.6
2,250,30000,200,276.2
2,250,30000,200,277.6
2,250,30000,200,274.6
2,250,30000,200,275.3
2,250,30000,200,272.6
2,250,30000,200,270.1
2,250,30000,200,282.0
2,250,30000,200,277.3
2,250,30000,200,296.7
2,250,30000,200,290.4
2,250,30000,200,270.3
2,250,30000,200,277.3
2,250,30000,200,277.9
2,250,30000,200,271.0
2,250,30000,200,267.8
2,250,30000,200,274.7
2,250,30000,200,271.0
2,250,30000,200,291.9
2,250,30000,200,274.2
2,250,30000,200,302.9
3,250,30000,200,266.0
3,250,30000,200,268.1
3,250,30000,200,270.2
3,250,30000,200,262.7
3,250,30000,200,268.3
3,250,30000,200,269.3
3,250,30000,200,266.7
3,250,30000,200,266.8
3,250,30000,200,268.4
3,250,30000,200,278.7
3,250,30000,200,269.0
3,250,30000,200,272.8
3,250,30000,200,269.0
3,250,30000,200,278.2
3,250,30000,200,286.3
3,250,30000,200,280.0
3,250,30000,200,281.6
3,250,30000,200,284.4
3,250,30000,200,275.7
3,250,30000,200,286.4
3,250,30000,200,266.2
3,250,30000,200,268.5
3,250,30000,200,271.9
3,250,30000,200,277.6
3,250,30000,200,275.1
3,250,30000,200,285.1
3,250,30000,200,290.6
3,250,30000,200,280.9
3,250,30000,200,312.2
3,250,30000,200,302.5
3,250,30000,200,270.2
3,250,30000,200,264.6
3,250,30000,200,274.6
3,250,30000,200,269.0
3,250,30000,200,271.4
3,250,30000,200,280.4
3,250,30000,200,275.7
3,250,30000,200,295.2
3,250,30000,200,280.9
3,250,30000,200,275.8
3,250,30000,200,269.2
3,250,30000,200,266.4
3,250,30000,200,265.5
3,250,30000,200,261.8
3,250,30000,200,263.2
3,250,30000,200,267.4
3,250,30000,200,260.9
3,250,30000,200,266.6
3,250,30000,200,270.6
3,250,30000,200,271.2
3,250,30000,200,263.6
3,250,30000,200,257.9
3,250,30000,200,262.2
3,250,30000,200,261.8
3,250,30000,200,269.7
3,250,30000,200,263.2
3,250,30000,200,263.4
3,250,30000,200,263.3
3,250,30000,200,263.9
3,250,30000,200,271.3
3,250,30000,200,260.0
3,250,30000,200,261.2
3,250,30000,200,261.6
3,250,30000,200,262.9
3,250,30000,200,268.8
3,250,30000,200,263.5
3,250,30000,200,266.2
3,250,30000,200,266.4
3,250,30000,200,263.7
3,250,30000,200,271.2
3,250,30000,200,260.4
3,250,30000,200,266.0
3,250,30000,200,264.5
3,250,30000,200,267.2
3,250,30000,200,264.8
3,250,30000,200,265.4
3,250,30000,200,267.2
3,250,30000,200,260.2
3,250,30000,200,259.9
3,250,30000,200,259.3
3,250,30000,200,260.9
3,250,30000,200,263.4
3,250,30000,200,270.6
3,250,30000,200,258.4
3,250,30000,200,258.5
3,250,30000,200,264.7
3,250,30000,200,261.6
3,250,30000,200,256.6
3,250,30000,200,258.1
3,250,30000,200,258.1
3,250,30000,200,258.5
3,250,30000,200,263.9
3,250,30000,200,261.2
3,250,30000,200,259.8
3,250,30000,200,262.6
3,250,30000,200,260.1
3,250,30000,200,259.3
3,250,30000,200,260.1
3,250,30000,200,258.3
3,250,30000,200,258.4
3,250,30000,200,264.1
3,250,30000,200,259.6
3,250,30000,200,264.9
3,250,30000,200,263.4
3,250,30000,200,261.1
3,250,30000,200,262.9
3,250,30000,200,261.4
3,250,30000,200,263.2
3,250,30000,200,261.2
3,250,30000,200,261.1
3,250,30000,200,265.4
3,250,30000,200,263.5
3,250,30000,200,267.6
3,250,30000,200,265.6
3,250,30000,200,261.1
3,250,30000,200,258.6
3,250,30000,200,263.1
3,250,30000,200,263.4
3,250,30000,200,259.7
3,250,30000,200,260.8
3,250,30000,200,260.5
3,250,30000,200,264.9
3,250,30000,200,268.5
3,250,30000,200,265.2
3,250,30000,200,261.9
3,250,30000,200,264.4
3,250,30000,200,265.1
3,250,30000,200,262.9
3,250,30000,200,263.2
3,250,30000,200,262.9
3,250,30000,200,264.6
3,250,30000,200,264.9
3,250,30000,200,263.8
3,250,30000,200,264.4
3,250,30000,200,261.6
3,250,30000,200,268.5
3,250,30000,200,266.3
3,250,30000,200,262.9
3,250,30000,200,261.3
3,250,30000,200,265.3
3,250,30000,200,261.9
3,250,30000,200,263.3
3,250,30000,200,260.5
3,250,30000,200,264.1
3,250,30000,200,267.4
3,250,30000,200,259.7
3,250,30000,200,262.3
3,250,30000,200,270.6
3,250,30000,200,274.7
3,250,30000,200,281.2
3,250,30000,200,259.1
3,250,30000,200,262.5
3,250,30000,200,271.4
3,250,30000,200,275.4
3,250,30000,200,262.7
3,250,30000,200,258.8
3,250,30000,200,267.8
3,250,30000,200,267.9
3,250,30000,200,281.2
3,250,30000,200,270.3
3,250,30000,200,259.6
3,250,30000,200,260.6
3,250,30000,200,276.9
3,250,30000,200,277.9
3,250,30000,200,271.1
3,250,30000,200,261.2
3,250,30000,200,263.2
3,250,30000,200,265.1
3,250,30000,200,262.4
3,250,30000,200,265.7
3,250,30000,200,263.5
3,250,30000,200,261.9
3,250,30000,200,273.1
3,250,30000,200,269.2
3,250,30000,200,268.8
3,250,30000,200,259.4
3,250,30000,200,262.9
3,250,30000,200,266.5
3,250,30000,200,261.7
3,250,30000,200,263.1
3,250,30000,200,269.1
3,250,30000,200,267.5
3,250,30000,200,264.9
3,250,30000,200,261.2
3,250,30000,200,263.2
3,250,30000,200,261.1
3,250,30000,200,261.4
3,250,30000,200,263.1
3,250,30000,200,262.8
3,250,30000,200,265.5
3,250,30000,200,260.9
3,250,30000,200,266.3
3,250,30000,200,263.5
3,250,30000,200,263.7
3,250,30000,200,267.6
3,250,30000,200,264.9
3,250,30000,200,265.8
3,250,30000,200,262.0
3,250,30000,200,265.0
3,250,30000,200,261.7
1,500,30000,200,516.0
1,500,30000,200,518.8
1,500,30000,200,518.2
1,500,30000,200,519.9
1,500,30000,200,521.0
1,500,30000,200,520.8
1,500,30000,200,523.2
1,500,30000,200,526.6
1,500,30000,200,530.6
1,500,30000,200,533.3
1,500,30000,200,515.9
1,500,30000,200,519.1
1,500,30000,200,522.6
1,500,30000,200,515.2
1,500,30000,200,525.8
1,500,30000,200,534.4
1,500,30000,200,526.5
1,500,30000,200,527.7
1,500,30000,200,525.3
1,500,30000,200,528.2
1,500,30000,200,515.6
1,500,30000,200,512.5
1,500,30000,200,511.8
1,500,30000,200,514.5
1,500,30000,200,521.6
1,500,30000,200,519.4
1,500,30000,200,526.0
1,500,30000,200,531.6
1,500,30000,200,533.1
1,500,30000,200,537.7
1,500,30000,200,510.9
1,500,30000,200,511.4
1,500,30000,200,512.1
1,500,30000,200,517.9
1,500,30000,200,519.1
1,500,30000,200,523.7
1,500,30000,200,524.2
1,500,30000,200,528.8
1,500,30000,200,530.9
1,500,30000,200,527.0
1,500,30000,200,518.3
1,500,30000,200,518.2
1,500,30000,200,526.2
1,500,30000,200,531.0
1,500,30000,200,539.7
1,500,30000,200,531.8
1,500,30000,200,528.3
1,500,30000,200,515.9
1,500,30000,200,513.7
1,500,30000,200,516.4
1,500,30000,200,528.8
1,500,30000,200,531.8
1,500,30000,200,533.0
1,500,30000,200,530.0
1,500,30000,200,525.2
1,500,30000,200,522.0
1,500,30000,200,521.6
1,500,30000,200,520.6
1,500,30000,200,516.7
1,500,30000,200,514.4
1,500,30000,200,519.4
1,500,30000,200,517.0
1,500,30000,200,515.0
1,500,30000,200,514.7
1,500,30000,200,514.6
1,500,30000,200,516.9
1,500,30000,200,516.0
1,500,30000,200,517.3
1,500,30000,200,520.1
1,500,30000,200,519.2
1,500,30000,200,516.3
1,500,30000,200,520.2
1,500,30000,200,519.1
1,500,30000,200,518.4
1,500,30000,200,515.3
1,500,30000,200,516.2
1,500,30000,200,519.1
1,500,30000,200,521.6
1,500,30000,200,527.9
1,500,30000,200,528.4
1,500,30000,200,524.0
1,500,30000,200,518.5
1,500,30000,200,518.1
1,500,30000,200,524.8
1,500,30000,200,527.7
1,500,30000,200,535.2
1,500,30000,200,539.2
1,500,30000,200,535.8
1,500,30000,200,528.2
1,500,30000,200,528.2
1,500,30000,200,518.0
1,500,30000,200,519.0
1,500,30000,200,521.7
1,500,30000,200,531.0
1,500,30000,200,530.0
1,500,30000,200,538.1
1,500,30000,200,543.3
1,500,30000,200,541.2
1,500,30000,200,537.7
1,500,30000,200,543.5
1,500,30000,200,521.8
1,500,30000,200,518.2
1,500,30000,200,515.8
1,500,30000,200,516.5
1,500,30000,200,516.2
1,500,30000,200,527.2
1,500,30000,200,522.2
1,500,30000,200,521.2
1,500,30000,200,526.7
1,500,30000,200,521.2
1,500,30000,200,518.9
1,500,30000,200,518.4
1,500,30000,200,512.1
1,500,30000,200,512.1
1,500,30000,200,512.0
1,500,30000,200,518.1
1,500,30000,200,513.9
1,500,30000,200,516.0
1,500,30000,200,518.3
1,500,30000,200,519.3
1,500,30000,200,515.2
1,500,30000,200,522.5
1,500,30000,200,526.7
1,500,30000,200,512.3
1,500,30000,200,511.8
1,500,30000,200,514.1
1,500,30000,200,515.9
1,500,30000,200,513.9
1,500,30000,200,514.5
1,500,30000,200,523.3
1,500,30000,200,520.8
1,500,30000,200,522.2
1,500,30000,200,519.0
1,500,30000,200,514.4
1,500,30000,200,513.6
1,500,30000,200,513.6
1,500,30000,200,513.8
1,500,30000,200,515.6
1,500,30000,200,515.2
1,500,30000,200,512.5
1,500,30000,200,516.8
1,500,30000,200,514.0
1,500,30000,200,511.7
1,500,30000,200,512.9
1,500,30000,200,511.7
1,500,30000,200,515.4
1,500,30000,200,511.7
1,500,30000,200,512.5
1,500,30000,200,512.6
1,500,30000,200,513.1
1,500,30000,200,528.3
1,500,30000,200,533.1
1,500,30000,200,535.6
1,500,30000,200,542.5
1,500,30000,200,537.1
1,500,30000,200,516.9
1,500,30000,200,517.0
1,500,30000,200,516.6
1,500,30000,200,516.6
1,500,30000,200,517.5
1,500,30000,200,529.2
1,500,30000,200,539.1
1,500,30000,200,543.9
1,500,30000,200,533.9
1,500,30000,200,534.8
1,500,30000,200,519.4
1,500,30000,200,518.2
1,500,30000,200,517.8
1,500,30000,200,516.8
1,500,30000,200,517.4
1,500,30000,200,516.0
1,500,30000,200,516.1
1,500,30000,200,517.9
1,500,30000,200,516.9
1,500,30000,200,518.8
1,500,30000,200,519.2
1,500,30000,200,520.5
1,500,30000,200,521.3
1,500,30000,200,520.2
1,500,30000,200,520.2
1,500,30000,200,526.6
1,500,30000,200,526.2
1,500,30000,200,523.0
1,500,30000,200,522.8
1,500,30000,200,523.3
1,500,30000,200,523.3
1,500,30000,200,522.6
1,500,30000,200,521.7
1,500,30000,200,521.5
1,500,30000,200,521.3
1,500,30000,200,528.6
1,500,30000,200,533.7
1,500,30000,200,531.2
1,500,30000,200,532.9
1,500,30000,200,533.9
1,500,30000,200,531.3
1,500,30000,200,530.0
1,500,30000,200,527.9
1,500,30000,200,529.2
1,500,30000,200,527.1
2,500,30000,200,520.8
2,500,30000,200,514.7
2,500,30000,200,534.2
2,500,30000,200,535.3
2,500,30000,200,574.2
2,500,30000,200,574.6
2,500,30000,200,559.4
2,500,30000,200,588.0
2,500,30000,200,585.3
2,500,30000,200,564.9
2,500,30000,200,517.3
2,500,30000,200,528.2
2,500,30000,200,520.6
2,500,30000,200,521.8
2,500,30000,200,514.2
2,500,30000,200,517.7
2,500,30000,200,517.6
2,500,30000,200,515.6
2,500,30000,200,518.6
2,500,30000,200,522.2
2,500,30000,200,523.3
2,500,30000,200,518.2
2,500,30000,200,528.4
2,500,30000,200,522.4
2,500,30000,200,514.9
2,500,30000,200,513.3
2,500,30000,200,521.6
2,500,30000,200,527.0
2,500,30000,200,531.9
2,500,30000,200,530.1
2,500,30000,200,519.3
2,500,30000,200,528.4
2,500,30000,200,520.7
2,500,30000,200,521.1
2,500,30000,200,520.1
2,500,30000,200,517.1
2,500,30000,200,523.5
2,500,30000,200,526.6
2,500,30000,200,520.7
2,500,30000,200,532.1
2,500,30000,200,525.4
2,500,30000,200,521.5
2,500,30000,200,515.6
2,500,30000,200,515.6
2,500,30000,200,515.1
2,500,30000,200,520.4
2,500,30000,200,521.9
2,500,30000,200,516.7
2,500,30000,200,523.2
2,500,30000,200,518.3
2,500,30000,200,523.0
2,500,30000,200,514.7
2,500,30000,200,513.5
2,500,30000,200,514.1
2,500,30000,200,515.8
2,500,30000,200,518.3
2,500,30000,200,515.9
2,500,30000,200,516.5
2,500,30000,200,520.2
2,500,30000,200,527.9
2,500,30000,200,516.7
2,500,30000,200,516.6
2,500,30000,200,515.6
2,500,30000,200,515.1
2,500,30000,200,515.6
2,500,30000,200,515.2
2,500,30000,200,518.2
2,500,30000,200,517.5
2,500,30000,200,521.8
2,500,30000,200,520.5
2,500,30000,200,522.7
2,500,30000,200,523.1
2,500,30000,200,521.4
2,500,30000,200,530.0
2,500,30000,200,517.2
2,500,30000,200,519.6
2,500,30000,200,522.6
2,500,30000,200,520.4
2,500,30000,200,516.6
2,500,30000,200,517.0
2,500,30000,200,523.1
2,500,30000,200,523.3
2,500,30000,200,523.4
2,500,30000,200,532.5
2,500,30000,200,520.3
2,500,30000,200,513.0
2,500,30000,200,517.0
2,500,30000,200,511.7
2,500,30000,200,514.6
2,500,30000,200,517.4
2,500,30000,200,529.1
2,500,30000,200,537.9
2,500,30000,200,520.2
2,500,30000,200,520.8
2,500,30000,200,522.4
2,500,30000,200,515.0
2,500,30000,200,510.7
2,500,30000,200,518.0
2,500,30000,200,510.6
2,500,30000,200,510.6
2,500,30000,200,524.2
2,500,30000,200,518.5
2,500,30000,200,514.1
2,500,30000,200,515.8
2,500,30000,200,514.7
2,500,30000,200,515.7
2,500,30000,200,520.3
2,500,30000,200,518.1
2,500,30000,200,514.7
2,500,30000,200,517.5
2,500,30000,200,522.1
2,500,30000,200,520.8
2,500,30000,200,515.5
2,500,30000,200,516.2
2,500,30000,200,519.7
2,500,30000,200,519.2
2,500,30000,200,513.8
2,500,30000,200,518.3
2,500,30000,200,514.0
2,500,30000,200,513.7
2,500,30000,200,520.7
2,500,30000,200,523.9
2,500,30000,200,518.3
2,500,30000,200,516.0
2,500,30000,200,516.9
2,500,30000,200,516.5
2,500,30000,200,519.5
2,500,30000,200,514.5
2,500,30000,200,520.4
2,500,30000,200,513.6
2,500,30000,200,518.1
2,500,30000,200,526.0
2,500,30000,200,527.3
2,500,30000,200,513.8
2,500,30000,200,515.5
2,500,30000,200,516.1
2,500,30000,200,522.0
2,500,30000,200,532.3
2,500,30000,200,533.2
2,500,30000,200,543.5
2,500,30000,200,507.2
2,500,30000,200,512.7
2,500,30000,200,523.0
2,500,30000,200,510.7
2,500,30000,200,512.7
2,500,30000,200,511.5
2,500,30000,200,518.2
2,500,30000,200,519.8
2,500,30000,200,540.6
2,500,30000,200,526.9
2,500,30000,200,511.5
2,500,30000,200,514.2
2,500,30000,200,524.1
2,500,30000,200,521.8
2,500,30000,200,522.2
2,500,30000,200,529.7
2,500,30000,200,508.3
2,500,30000,200,514.8
2,500,30000,200,513.4
2,500,30000,200,527.5
2,500,30000,200,512.9
2,500,30000,200,524.6
2,500,30000,200,526.5
2,500,30000,200,525.9
2,500,30000,200,531.4
2,500,30000,200,527.6
2,500,30000,200,519.5
2,500,30000,200,516.5
2,500,30000,200,527.2
2,500,30000,200,525.0
2,500,30000,200,512.4
2,500,30000,200,513.4
2,500,30000,200,512.9
2,500,30000,200,514.8
2,500,30000,200,520.5
2,500,30000,200,523.6
2,500,30000,200,524.4
2,500,30000,200,512.2
2,500,30000,200,522.7
2,500,30000,200,533.3
2,500,30000,200,518.2
2,500,30000,200,511.8
2,500,30000,200,518.8
2,500,30000,200,515.4
2,500,30000,200,516.0
2,500,30000,200,519.9
2,500,30000,200,513.9
2,500,30000,200,513.3
2,500,30000,200,525.3
2,500,30000,200,518.3
2,500,30000,200,516.8
2,500,30000,200,518.3
2,500,30000,200,515.0
2,500,30000,200,528.4
2,500,30000,200,521.0
2,500,30000,200,515.6
2,500,30000,200,519.4
2,500,30000,200,521.8
2,500,30000,200,516.5
2,500,30000,200,524.0
3,500,30000,200,512.7
3,500,30000,200,517.0
3,500,30000,200,524.7
3,500,30000,200,529.0
3,500,30000,200,533.7
3,500,30000,200,528.3
3,500,30000,200,524.9
3,500,30000,200,522.2
3,500,30000,200,529.5
3,500,30000,200,529.2
3,500,30000,200,526.5
3,500,30000,200,528.4
3,500,30000,200,520.1
3,500,30000,200,527.6
3,500,30000,200,528.9
3,500,30000,200,537.9
3,500,30000,200,540.7
3,500,30000,200,547.6
3,500,30000,200,542.7
3,500,30000,200,550.2
3,500,30000,200,512.5
3,500,30000,200,515.8
3,500,30000,200,523.3
3,500,30000,200,519.0
3,500,30000,200,529.1
3,500,30000,200,533.8
3,500,30000,200,546.7
3,500,30000,200,530.8
3,500,30000,200,543.0
3,500,30000,200,558.3
3,500,30000,200,512.1
3,500,30000,200,516.3
3,500,30000,200,520.7
3,500,30000,200,518.6
3,500,30000,200,516.7
3,500,30000,200,514.8
3,500,30000,200,523.9
3,500,30000,200,518.6
3,500,30000,200,530.8
3,500,30000,200,539.5
3,500,30000,200,519.9
3,500,30000,200,525.1
3,500,30000,200,522.7
3,500,30000,200,522.3
3,500,30000,200,515.4
3,500,30000,200,514.1
3,500,30000,200,516.0
3,500,30000,200,514.1
3,500,30000,200,524.5
3,500,30000,200,521.2
3,500,30000,200,522.3
3,500,30000,200,523.8
3,500,30000,200,516.6
3,500,30000,200,518.9
3,500,30000,200,512.7
3,500,30000,200,517.8
3,500,30000,200,523.5
3,500,30000,200,530.2
3,500,30000,200,525.4
3,500,30000,200,527.3
3,500,30000,200,527.6
3,500,30000,200,521.4
3,500,30000,200,523.9
3,500,30000,200,518.4
3,500,30000,200,514.0
3,500,30000,200,510.9
3,500,30000,200,524.5
3,500,30000,200,534.0
3,500,30000,200,526.7
3,500,30000,200,526.9
3,500,30000,200,519.0
3,500,30000,200,522.0
3,500,30000,200,523.4
3,500,30000,200,521.3
3,500,30000,200,518.2
3,500,30000,200,513.6
3,500,30000,200,530.7
3,500,30000,200,524.4
3,500,30000,200,516.5
3,500,30000,200,517.4
3,500,30000,200,514.4
3,500,30000,200,527.3
3,500,30000,200,519.3
3,500,30000,200,518.1
3,500,30000,200,516.5
3,500,30000,200,515.0
3,500,30000,200,517.8
3,500,30000,200,514.4
3,500,30000,200,513.6
3,500,30000,200,513.5
3,500,30000,200,520.2
3,500,30000,200,517.4
3,500,30000,200,515.9
3,500,30000,200,517.5
3,500,30000,200,516.3
3,500,30000,200,516.7
3,500,30000,200,516.1
3,500,30000,200,515.8
3,500,30000,200,515.8
3,500,30000,200,513.2
3,500,30000,200,514.2
3,500,30000,200,520.7
3,500,30000,200,534.7
3,500,30000,200,545.1
3,500,30000,200,549.0
3,500,30000,200,547.6
3,500,30000,200,517.1
3,500,30000,200,513.8
3,500,30000,200,515.9
3,500,30000,200,514.9
3,500,30000,200,522.7
3,500,30000,200,526.1
3,500,30000,200,534.9
3,500,30000,200,541.5
3,500,30000,200,546.7
3,500,30000,200,540.4
3,500,30000,200,511.9
3,500,30000,200,512.7
3,500,30000,200,516.8
3,500,30000,200,521.6
3,500,30000,200,514.0
3,500,30000,200,511.1
3,500,30000,200,511.4
3,500,30000,200,518.5
3,500,30000,200,516.3
3,500,30000,200,529.0
3,500,30000,200,521.9
3,500,30000,200,520.6
3,500,30000,200,519.4
3,500,30000,200,522.4
3,500,30000,200,512.9
3,500,30000,200,517.4
3,500,30000,200,515.4
3,500,30000,200,513.9
3,500,30000,200,519.6
3,500,30000,200,532.9
3,500,30000,200,518.6
3,500,30000,200,517.8
3,500,30000,200,515.3
3,500,30000,200,513.5
3,500,30000,200,520.2
3,500,30000,200,517.5
3,500,30000,200,517.1
3,500,30000,200,514.5
3,500,30000,200,513.3
3,500,30000,200,513.1
3,500,30000,200,518.4
3,500,30000,200,517.1
3,500,30000,200,510.9
3,500,30000,200,513.5
3,500,30000,200,512.0
3,500,30000,200,523.3
3,500,30000,200,518.5
3,500,30000,200,517.0
3,500,30000,200,520.9
3,500,30000,200,524.3
3,500,30000,200,537.0
3,500,30000,200,544.0
3,500,30000,200,532.8
3,500,30000,200,519.9
3,500,30000,200,510.8
3,500,30000,200,516.8
3,500,30000,200,512.4
3,500,30000,200,510.8
3,500,30000,200,526.4
3,500,30000,200,543.6
3,500,30000,200,526.2
3,500,30000,200,518.1
3,500,30000,200,522.9
3,500,30000,200,521.8
3,500,30000,200,513.4
3,500,30000,200,510.7
3,500,30000,200,512.1
3,500,30000,200,520.8
3,500,30000,200,528.4
3,500,30000,200,525.8
3,500,30000,200,543.1
3,500,30000,200,554.8
3,500,30000,200,562.2
3,500,30000,200,568.3
3,500,30000,200,514.3
3,500,30000,200,514.0
3,500,30000,200,512.7
3,500,30000,200,528.9
3,500,30000,200,527.8
3,500,30000,200,530.8
3,500,30000,200,549.4
3,500,30000,200,539.1
3,500,30000,200,531.4
3,500,30000,200,531.6
3,500,30000,200,513.8
3,500,30000,200,514.8
3,500,30000,200,519.7
3,500,30000,200,522.5
3,500,30000,200,517.3
3,500,30000,200,515.6
3,500,30000,200,516.3
3,500,30000,200,514.2
3,500,30000,200,514.7
3,500,30000,200,522.3
1,750,30000,200,790.8
1,750,30000,200,808.2
1,750,30000,200,815.3
1,750,30000,200,818.4
1,750,30000,200,815.6
1,750,30000,200,829.2
1,750,30000,200,815.8
1,750,30000,200,856.0
1,750,30000,200,823.1
1,750,30000,200,839.9
1,750,30000,200,777.0
1,750,30000,200,787.0
1,750,30000,200,783.1
1,750,30000,200,781.5
1,750,30000,200,797.3
1,750,30000,200,777.7
1,750,30000,200,790.9
1,750,30000,200,809.2
1,750,30000,200,818.6
1,750,30000,200,800.6
1,750,30000,200,774.0
1,750,30000,200,764.3
1,750,30000,200,764.4
1,750,30000,200,769.3
1,750,30000,200,767.8
1,750,30000,200,768.7
1,750,30000,200,772.2
1,750,30000,200,767.9
1,750,30000,200,768.4
1,750,30000,200,782.5
1,750,30000,200,771.5
1,750,30000,200,771.3
1,750,30000,200,775.0
1,750,30000,200,771.8
1,750,30000,200,768.0
1,750,30000,200,768.6
1,750,30000,200,773.9
1,750,30000,200,780.9
1,750,30000,200,781.3
1,750,30000,200,776.7
1,750,30000,200,773.1
1,750,30000,200,776.2
1,750,30000,200,778.2
1,750,30000,200,794.7
1,750,30000,200,794.2
1,750,30000,200,790.0
1,750,30000,200,780.2
1,750,30000,200,774.9
1,750,30000,200,772.3
1,750,30000,200,774.7
1,750,30000,200,773.6
1,750,30000,200,781.7
1,750,30000,200,788.3
1,750,30000,200,789.8
1,750,30000,200,802.4
1,750,30000,200,797.4
1,750,30000,200,795.5
1,750,30000,200,793.8
1,750,30000,200,795.9
1,750,30000,200,791.1
1,750,30000,200,769.1
1,750,30000,200,777.5
1,750,30000,200,777.8
1,750,30000,200,774.2
1,750,30000,200,771.6
1,750,30000,200,785.6
1,750,30000,200,791.9
1,750,30000,200,793.1
1,750,30000,200,822.7
1,750,30000,200,812.9
1,750,30000,200,765.2
1,750,30000,200,773.9
1,750,30000,200,771.7
1,750,30000,200,763.3
1,750,30000,200,757.4
1,750,30000,200,757.4
1,750,30000,200,769.3
1,750,30000,200,773.1
1,750,30000,200,774.6
1,750,30000,200,773.6
1,750,30000,200,761.7
1,750,30000,200,762.9
1,750,30000,200,761.5
1,750,30000,200,760.9
1,750,30000,200,761.2
1,750,30000,200,764.3
1,750,30000,200,762.1
1,750,30000,200,761.7
1,750,30000,200,760.6
1,750,30000,200,760.7
1,750,30000,200,766.4
1,750,30000,200,761.9
1,750,30000,200,764.4
1,750,30000,200,761.8
1,750,30000,200,760.4
1,750,30000,200,761.5
1,750,30000,200,767.2
1,750,30000,200,763.9
1,750,30000,200,764.4
1,750,30000,200,767.6
1,750,30000,200,770.4
1,750,30000,200,762.8
1,750,30000,200,762.5
1,750,30000,200,761.0
1,750,30000,200,760.7
1,750,30000,200,760.5
1,750,30000,200,767.2
1,750,30000,200,763.4
1,750,30000,200,765.7
1,750,30000,200,762.4
1,750,30000,200,774.6
1,750,30000,200,767.3
1,750,30000,200,767.0
1,750,30000,200,768.3
1,750,30000,200,764.6
1,750,30000,200,762.8
1,750,30000,200,761.7
1,750,30000,200,765.3
1,750,30000,200,766.9
1,750,30000,200,766.2
1,750,30000,200,782.3
1,750,30000,200,771.6
1,750,30000,200,767.9
1,750,30000,200,772.0
1,750,30000,200,764.8
1,750,30000,200,767.2
1,750,30000,200,766.4
1,750,30000,200,761.7
1,750,30000,200,769.8
1,750,30000,200,776.3
1,750,30000,200,780.8
1,750,30000,200,779.6
1,750,30000,200,777.6
1,750,30000,200,774.7
1,750,30000,200,774.2
1,750,30000,200,768.5
1,750,30000,200,764.6
1,750,30000,200,769.4
1,750,30000,200,769.4
1,750,30000,200,768.9
1,750,30000,200,788.4
1,750,30000,200,770.8
1,750,30000,200,770.9
1,750,30000,200,774.4
1,750,30000,200,786.9
1,750,30000,200,772.0
1,750,30000,200,770.7
1,750,30000,200,764.9
1,750,30000,200,776.0
1,750,30000,200,777.7
1,750,30000,200,771.1
1,750,30000,200,771.6
1,750,30000,200,767.4
1,750,30000,200,773.2
1,750,30000,200,775.4
1,750,30000,200,773.6
1,750,30000,200,766.0
1,750,30000,200,767.4
1,750,30000,200,772.4
1,750,30000,200,769.7
1,750,30000,200,767.2
1,750,30000,200,766.2
1,750,30000,200,769.4
1,750,30000,200,770.4
1,750,30000,200,779.2
1,750,30000,200,783.9
1,750,30000,200,772.9
1,750,30000,200,772.1
1,750,30000,200,764.7
1,750,30000,200,761.7
1,750,30000,200,766.4
1,750,30000,200,773.5
1,750,30000,200,766.3
1,750,30000,200,773.6
1,750,30000,200,782.6
1,750,30000,200,777.7
1,750,30000,200,775.7
1,750,30000,200,775.4
1,750,30000,200,766.8
1,750,30000,200,768.5
1,750,30000,200,767.5
1,750,30000,200,767.7
1,750,30000,200,766.8
1,750,30000,200,771.3
1,750,30000,200,781.0
1,750,30000,200,784.1
1,750,30000,200,785.7
1,750,30000,200,787.5
1,750,30000,200,775.7
1,750,30000,200,771.5
1,750,30000,200,770.1
1,750,30000,200,764.8
1,750,30000,200,769.2
1,750,30000,200,788.5
1,750,30000,200,797.0
1,750,30000,200,797.4
1,750,30000,200,791.6
1,750,30000,200,785.7
1,750,30000,200,783.3
1,750,30000,200,787.0
2,750,30000,200,777.1
2,750,30000,200,778.7
2,750,30000,200,779.2
2,750,30000,200,784.8
2,750,30000,200,783.9
2,750,30000,200,778.4
2,750,30000,200,778.9
2,750,30000,200,775.7
2,750,30000,200,775.3
2,750,30000,200,781.9
2,750,30000,200,776.0
2,750,30000,200,781.9
2,750,30000,200,787.1
2,750,30000,200,783.6
2,750,30000,200,774.5
2,750,30000,200,797.5
2,750,30000,200,776.0
2,750,30000,200,776.9
2,750,30000,200,796.3
2,750,30000,200,795.4
2,750,30000,200,773.7
2,750,30000,200,770.6
2,750,30000,200,783.3
2,750,30000,200,790.7
2,750,30000,200,790.3
2,750,30000,200,798.8
2,750,30000,200,798.6
2,750,30000,200,800.0
2,750,30000,200,803.9
2,750,30000,200,807.6
2,750,30000,200,773.6
2,750,30000,200,775.5
2,750,30000,200,782.4
2,750,30000,200,799.2
2,750,30000,200,805.4
2,750,30000,200,799.6
2,750,30000,200,810.5
2,750,30000,200,827.6
2,750,30000,200,842.1
2,750,30000,200,827.4
2,750,30000,200,773.9
2,750,30000,200,772.6
2,750,30000,200,764.6
2,750,30000,200,771.9
2,750,30000,200,770.8
2,750,30000,200,786.0
2,750,30000,200,786.3
2,750,30000,200,778.5
2,750,30000,200,793.7
2,750,30000,200,782.7
2,750,30000,200,766.8
2,750,30000,200,766.7
2,750,30000,200,766.4
2,750,30000,200,779.7
2,750,30000,200,779.6
2,750,30000,200,766.0
2,750,30000,200,769.2
2,750,30000,200,771.3
2,750,30000,200,770.7
2,750,30000,200,776.1
2,750,30000,200,768.6
2,750,30000,200,766.1
2,750,30000,200,765.1
2,750,30000,200,768.5
2,750,30000,200,765.2
2,750,30000,200,768.8
2,750,30000,200,764.4
2,750,30000,200,769.1
2,750,30000,200,770.7
2,750,30000,200,769.9
2,750,30000,200,782.3
2,750,30000,200,787.7
2,750,30000,200,777.6
2,750,30000,200,764.2
2,750,30000,200,765.5
2,750,30000,200,770.2
2,750,30000,200,771.8
2,750,30000,200,774.9
2,750,30000,200,790.2
2,750,30000,200,786.9
2,750,30000,200,789.5
2,750,30000,200,790.2
2,750,30000,200,784.2
2,750,30000,200,772.9
2,750,30000,200,776.7
2,750,30000,200,766.0
2,750,30000,200,774.6
2,750,30000,200,781.9
2,750,30000,200,767.1
2,750,30000,200,781.8
2,750,30000,200,778.2
2,750,30000,200,777.2
2,750,30000,200,779.6
2,750,30000,200,776.5
2,750,30000,200,769.6
2,750,30000,200,763.3
2,750,30000,200,772.7
2,750,30000,200,767.4
2,750,30000,200,771.8
2,750,30000,200,770.7
2,750,30000,200,767.6
2,750,30000,200,770.6
2,750,30000,200,786.7
2,750,30000,200,771.2
2,750,30000,200,772.7
2,750,30000,200,774.8
2,750,30000,200,775.2
2,750,30000,200,767.5
2,750,30000,200,771.4
2,750,30000,200,772.0
2,750,30000,200,764.1
2,750,30000,200,789.3
2,750,30000,200,795.3
2,750,30000,200,791.5
2,750,30000,200,788.8
2,750,30000,200,784.0
2,750,30000,200,771.6
2,750,30000,200,767.7
2,750,30000,200,766.4
2,750,30000,200,765.4
2,750,30000,200,770.3
2,750,30000,200,779.4
2,750,30000,200,784.4
2,750,30000,200,788.7
2,750,30000,200,798.3
2,750,30000,200,820.7
2,750,30000,200,786.8
2,750,30000,200,783.3
2,750,30000,200,770.4
2,750,30000,200,776.6
2,750,30000,200,773.4
2,750,30000,200,776.4
2,750,30000,200,784.0
2,750,30000,200,783.0
2,750,30000,200,793.1
2,750,30000,200,805.2
2,750,30000,200,803.6
2,750,30000,200,810.8
2,750,30000,200,809.1
2,750,30000,200,798.7
2,750,30000,200,783.7
2,750,30000,200,781.1
2,750,30000,200,780.9
2,750,30000,200,781.7
2,750,30000,200,789.3
2,750,30000,200,787.8
2,750,30000,200,799.0
2,750,30000,200,807.9
2,750,30000,200,806.6
2,750,30000,200,809.6
2,750,30000,200,776.1
2,750,30000,200,776.3
2,750,30000,200,767.5
2,750,30000,200,779.7
2,750,30000,200,771.9
2,750,30000,200,769.0
2,750,30000,200,778.6
2,750,30000,200,784.1
2,750,30000,200,778.3
2,750,30000,200,789.6
2,750,30000,200,763.8
2,750,30000,200,768.4
2,750,30000,200,766.7
2,750,30000,200,771.4
2,750,30000,200,777.6
2,750,30000,200,792.2
2,750,30000,200,775.8
2,750,30000,200,768.3
2,750,30000,200,770.3
2,750,30000,200,784.4
2,750,30000,200,765.0
2,750,30000,200,770.8
2,750,30000,200,768.5
2,750,30000,200,766.6
2,750,30000,200,795.1
2,750,30000,200,776.6
2,750,30000,200,771.4
2,750,30000,200,773.9
2,750,30000,200,768.6
2,750,30000,200,767.5
2,750,30000,200,775.3
2,750,30000,200,778.9
2,750,30000,200,792.7
2,750,30000,200,773.3
2,750,30000,200,765.5
2,750,30000,200,773.8
2,750,30000,200,769.5
2,750,30000,200,767.2
2,750,30000,200,773.4
2,750,30000,200,776.0
2,750,30000,200,784.4
2,750,30000,200,785.6
2,750,30000,200,774.7
2,750,30000,200,772.7
2,750,30000,200,769.5
2,750,30000,200,765.3
2,750,30000,200,766.9
2,750,30000,200,773.9
2,750,30000,200,769.8
2,750,30000,200,770.5
3,750,30000,200,790.9
3,750,30000,200,796.3
3,750,30000,200,796.4
3,750,30000,200,800.3
3,750,30000,200,791.9
3,750,30000,200,790.2
3,750,30000,200,837.7
3,750,30000,200,848.8
3,750,30000,200,836.4
3,750,30000,200,820.1
3,750,30000,200,773.9
3,750,30000,200,778.4
3,750,30000,200,774.8
3,750,30000,200,768.3
3,750,30000,200,776.5
3,750,30000,200,774.1
3,750,30000,200,773.4
3,750,30000,200,778.9
3,750,30000,200,775.8
3,750,30000,200,782.9
3,750,30000,200,759.7
3,750,30000,200,760.6
3,750,30000,200,759.2
3,750,30000,200,754.1
3,750,30000,200,759.0
3,750,30000,200,755.0
3,750,30000,200,767.1
3,750,30000,200,774.3
3,750,30000,200,769.3
3,750,30000,200,782.5
3,750,30000,200,764.4
3,750,30000,200,757.7
3,750,30000,200,756.2
3,750,30000,200,756.6
3,750,30000,200,756.8
3,750,30000,200,758.9
3,750,30000,200,770.4
3,750,30000,200,767.6
3,750,30000,200,777.4
3,750,30000,200,776.0
3,750,30000,200,758.9
3,750,30000,200,762.3
3,750,30000,200,764.0
3,750,30000,200,764.3
3,750,30000,200,764.0
3,750,30000,200,763.6
3,750,30000,200,759.5
3,750,30000,200,760.4
3,750,30000,200,762.2
3,750,30000,200,762.3
3,750,30000,200,764.0
3,750,30000,200,766.9
3,750,30000,200,767.3
3,750,30000,200,768.3
3,750,30000,200,763.5
3,750,30000,200,757.0
3,750,30000,200,761.6
3,750,30000,200,757.8
3,750,30000,200,758.2
3,750,30000,200,757.7
3,750,30000,200,771.4
3,750,30000,200,768.9
3,750,30000,200,770.7
3,750,30000,200,767.6
3,750,30000,200,766.6
3,750,30000,200,768.7
3,750,30000,200,759.4
3,750,30000,200,760.0
3,750,30000,200,758.0
3,750,30000,200,759.0
3,750,30000,200,761.3
3,750,30000,200,768.7
3,750,30000,200,761.1
3,750,30000,200,765.3
3,750,30000,200,768.8
3,750,30000,200,771.1
3,750,30000,200,768.7
3,750,30000,200,767.2
3,750,30000,200,765.7
3,750,30000,200,769.9
3,750,30000,200,764.1
3,750,30000,200,760.1
3,750,30000,200,764.6
3,750,30000,200,759.1
3,750,30000,200,763.2
3,750,30000,200,761.9
3,750,30000,200,776.6
3,750,30000,200,771.9
3,750,30000,200,765.1
3,750,30000,200,763.2
3,750,30000,200,767.0
3,750,30000,200,764.4
3,750,30000,200,764.2
3,750,30000,200,766.9
3,750,30000,200,758.6
3,750,30000,200,760.6
3,750,30000,200,761.4
3,750,30000,200,760.5
3,750,30000,200,758.8
3,750,30000,200,761.3
3,750,30000,200,768.5
3,750,30000,200,764.2
3,750,30000,200,774.7
3,750,30000,200,776.2
3,750,30000,200,770.9
3,750,30000,200,773.5
3,750,30000,200,761.4
3,750,30000,200,762.8
3,750,30000,200,762.8
3,750,30000,200,760.9
3,750,30000,200,763.3
3,750,30000,200,767.2
3,750,30000,200,768.5
3,750,30000,200,772.7
3,750,30000,200,770.8
3,750,30000,200,767.7
3,750,30000,200,762.8
3,750,30000,200,762.0
3,750,30000,200,762.6
3,750,30000,200,760.9
3,750,30000,200,759.7
3,750,30000,200,761.3
3,750,30000,200,768.2
3,750,30000,200,764.1
3,750,30000,200,763.7
3,750,30000,200,764.1
3,750,30000,200,760.2
3,750,30000,200,758.2
3,750,30000,200,762.3
3,750,30000,200,762.4
3,750,30000,200,764.9
3,750,30000,200,759.9
3,750,30000,200,758.0
3,750,30000,200,758.7
3,750,30000,200,762.7
3,750,30000,200,761.2
3,750,30000,200,757.6
3,750,30000,200,759.3
3,750,30000,200,768.4
3,750,30000,200,762.3
3,750,30000,200,761.0
3,750,30000,200,766.4
3,750,30000,200,766.5
3,750,30000,200,769.4
3,750,30000,200,766.1
3,750,30000,200,761.4
3,750,30000,200,764.4
3,750,30000,200,767.8
3,750,30000,200,769.5
3,750,30000,200,774.6
3,750,30000,200,763.2
3,750,30000,200,767.7
3,750,30000,200,792.5
3,750,30000,200,801.8
3,750,30000,200,808.4
3,750,30000,200,814.2
3,750,30000,200,808.9
3,750,30000,200,802.8
3,750,30000,200,789.3
3,750,30000,200,788.4
3,750,30000,200,774.7
3,750,30000,200,771.0
3,750,30000,200,784.9
3,750,30000,200,794.3
3,750,30000,200,798.1
3,750,30000,200,806.0
3,750,30000,200,772.4
3,750,30000,200,799.3
3,750,30000,200,808.7
3,750,30000,200,801.4
3,750,30000,200,770.9
3,750,30000,200,764.9
3,750,30000,200,768.9
3,750,30000,200,763.6
3,750,30000,200,762.7
3,750,30000,200,763.9
3,750,30000,200,765.8
3,750,30000,200,772.3
3,750,30000,200,779.8
3,750,30000,200,779.1
3,750,30000,200,773.1
3,750,30000,200,766.5
3,750,30000,200,770.9
3,750,30000,200,764.6
3,750,30000,200,763.8
3,750,30000,200,762.3
3,750,30000,200,764.0
3,750,30000,200,765.3
3,750,30000,200,782.4
3,750,30000,200,787.3
3,750,30000,200,764.7
3,750,30000,200,762.5
3,750,30000,200,765.9
3,750,30000,200,763.0
3,750,30000,200,763.8
3,750,30000,200,764.8
3,750,30000,200,764.5
3,750,30000,200,767.4
3,750,30000,200,768.1
3,750,30000,200,765.7
1,1000,30000,200,1038.6
1,1000,30000,200,1037.6
1,1000,30000,200,1068.6
1,1000,30000,200,1066.1
1,1000,30000,200,1037.6
1,1000,30000,200,1063.1
1,1000,30000,200,1081.9
1,1000,30000,200,1098.6
1,1000,30000,200,1089.7
1,1000,30000,200,1085.5
1,1000,30000,200,1023.1
1,1000,30000,200,1023.1
1,1000,30000,200,1027.1
1,1000,30000,200,1027.8
1,1000,30000,200,1029.4
1,1000,30000,200,1025.1
1,1000,30000,200,1028.4
1,1000,30000,200,1031.8
1,1000,30000,200,1038.0
1,1000,30000,200,1040.2
1,1000,30000,200,1021.7
1,1000,30000,200,1019.9
1,1000,30000,200,1016.5
1,1000,30000,200,1023.9
1,1000,30000,200,1035.1
1,1000,30000,200,1031.9
1,1000,30000,200,1025.5
1,1000,30000,200,1022.4
1,1000,30000,200,1021.4
1,1000,30000,200,1014.9
1,1000,30000,200,1021.7
1,1000,30000,200,1013.4
1,1000,30000,200,1015.3
1,1000,30000,200,1019.4
1,1000,30000,200,1022.3
1,1000,30000,200,1037.4
1,1000,30000,200,1032.6
1,1000,30000,200,1032.8
1,1000,30000,200,1030.5
1,1000,30000,200,1031.3
1,1000,30000,200,1022.0
1,1000,30000,200,1025.0
1,1000,30000,200,1013.7
1,1000,30000,200,1018.4
1,1000,30000,200,1029.8
1,1000,30000,200,1036.9
1,1000,30000,200,1041.4
1,1000,30000,200,1041.6
1,1000,30000,200,1043.8
1,1000,30000,200,1044.8
1,1000,30000,200,1028.9
1,1000,30000,200,1024.4
1,1000,30000,200,1016.6
1,1000,30000,200,1019.8
1,1000,30000,200,1014.4
1,1000,30000,200,1029.1
1,1000,30000,200,1032.0
1,1000,30000,200,1041.0
1,1000,30000,200,1031.0
1,1000,30000,200,1042.0
1,1000,30000,200,1019.2
1,1000,30000,200,1016.9
1,1000,30000,200,1013.3
1,1000,30000,200,1014.7
1,1000,30000,200,1013.4
1,1000,30000,200,1018.1
1,1000,30000,200,1010.3
1,1000,30000,200,1010.9
1,1000,30000,200,1015.3
1,1000,30000,200,1016.1
1,1000,30000,200,1005.8
1,1000,30000,200,1015.2
1,1000,30000,200,1003.0
1,1000,30000,200,1005.1
1,1000,30000,200,1007.3
1,1000,30000,200,1003.6
1,1000,30000,200,1005.1
1,1000,30000,200,1005.2
1,1000,30000,200,1015.3
1,1000,30000,200,1014.5
1,1000,30000,200,1015.4
1,1000,30000,200,1012.0
1,1000,30000,200,1002.5
1,1000,30000,200,1004.9
1,1000,30000,200,1002.5
1,1000,30000,200,1008.2
1,1000,30000,200,1006.3
1,1000,30000,200,1004.1
1,1000,30000,200,1011.2
1,1000,30000,200,1010.7
1,1000,30000,200,1009.8
1,1000,30000,200,1010.6
1,1000,30000,200,1003.1
1,1000,30000,200,1006.2
1,1000,30000,200,1006.7
1,1000,30000,200,1010.8
1,1000,30000,200,1008.1
1,1000,30000,200,1004.9
1,1000,30000,200,1014.4
1,1000,30000,200,1018.9
1,1000,30000,200,1011.9
1,1000,30000,200,1018.8
1,1000,30000,200,1013.7
1,1000,30000,200,1010.3
1,1000,30000,200,1007.1
1,1000,30000,200,1011.2
1,1000,30000,200,1010.2
1,1000,30000,200,1007.9
1,1000,30000,200,1015.8
1,1000,30000,200,1030.3
1,1000,30000,200,1012.8
1,1000,30000,200,1009.6
1,1000,30000,200,1019.8
1,1000,30000,200,1015.8
1,1000,30000,200,1009.0
1,1000,30000,200,1009.2
1,1000,30000,200,1010.2
1,1000,30000,200,1012.5
1,1000,30000,200,1008.2
1,1000,30000,200,1008.7
1,1000,30000,200,1010.1
1,1000,30000,200,1016.0
1,1000,30000,200,1013.5
1,1000,30000,200,1017.2
1,1000,30000,200,1011.1
1,1000,30000,200,1008.3
1,1000,30000,200,1010.7
1,1000,30000,200,1019.5
1,1000,30000,200,1008.0
1,1000,30000,200,1010.9
1,1000,30000,200,1021.7
1,1000,30000,200,1025.1
1,1000,30000,200,1036.4
1,1000,30000,200,1014.0
1,1000,30000,200,1019.9
1,1000,30000,200,1014.2
1,1000,30000,200,1015.0
1,1000,30000,200,1010.2
1,1000,30000,200,1011.5
1,1000,30000,200,1015.3
1,1000,30000,200,1028.2
1,1000,30000,200,1019.6
1,1000,30000,200,1030.9
1,1000,30000,200,1015.8
1,1000,30000,200,1012.6
1,1000,30000,200,1017.9
1,1000,30000,200,1012.5
1,1000,30000,200,1015.5
1,1000,30000,200,1012.7
1,1000,30000,200,1012.9
1,1000,30000,200,1015.0
1,1000,30000,200,1016.3
1,1000,30000,200,1020.2
1,1000,30000,200,1020.4
1,1000,30000,200,1012.6
1,1000,30000,200,1016.6
1,1000,30000,200,1019.5
1,1000,30000,200,1014.9
1,1000,30000,200,1013.9
1,1000,30000,200,1012.6
1,1000,30000,200,1017.4
1,1000,30000,200,1018.3
1,1000,30000,200,1022.0
1,1000,30000,200,1023.9
1,1000,30000,200,1021.5
1,1000,30000,200,1022.3
1,1000,30000,200,1030.0
1,1000,30000,200,1026.0
1,1000,30000,200,1017.8
1,1000,30000,200,1016.1
1,1000,30000,200,1016.0
1,1000,30000,200,1020.8
1,1000,30000,200,1026.0
1,1000,30000,200,1024.4
1,1000,30000,200,1022.6
1,1000,30000,200,1024.0
1,1000,30000,200,1018.8
1,1000,30000,200,1017.9
1,1000,30000,200,1017.8
1,1000,30000,200,1019.5
1,1000,30000,200,1013.6
1,1000,30000,200,1020.6
1,1000,30000,200,1016.5
1,1000,30000,200,1015.0
1,1000,30000,200,1013.2
1,1000,30000,200,1015.6
1,1000,30000,200,1016.2
1,1000,30000,200,1014.7
1,1000,30000,200,1024.4
1,1000,30000,200,1025.1
1,1000,30000,200,1017.0
1,1000,30000,200,1016.2
1,1000,30000,200,1012.9
1,1000,30000,200,1013.6
1,1000,30000,200,1012.9
1,1000,30000,200,1015.9
1,1000,30000,200,1015.2
1,1000,30000,200,1015.7
1,1000,30000,200,1019.0
1,1000,30000,200,1016.5
2,1000,30000,200,1025.5
2,1000,30000,200,1041.9
2,1000,30000,200,1066.0
2,1000,30000,200,1061.0
2,1000,30000,200,1056.6
2,1000,30000,200,1054.1
2,1000,30000,200,1058.5
2,1000,30000,200,1054.2
2,1000,30000,200,1052.3
2,1000,30000,200,1060.6
2,1000,30000,200,1057.1
2,1000,30000,200,1059.6
2,1000,30000,200,1053.3
2,1000,30000,200,1046.9
2,1000,30000,200,1066.6
2,1000,30000,200,1066.5
2,1000,30000,200,1058.5
2,1000,30000,200,1069.1
2,1000,30000,200,1064.6
2,1000,30000,200,1063.9
2,1000,30000,200,1015.1
2,1000,30000,200,1015.2
2,1000,30000,200,1015.2
2,1000,30000,200,1021.4
2,1000,30000,200,1028.0
2,1000,30000,200,1037.6
2,1000,30000,200,1038.1
2,1000,30000,200,1036.1
2,1000,30000,200,1035.4
2,1000,30000,200,1034.8
2,1000,30000,200,1018.9
2,1000,30000,200,1015.2
2,1000,30000,200,1024.0
2,1000,30000,200,1029.4
2,1000,30000,200,1030.8
2,1000,30000,200,1028.6
2,1000,30000,200,1025.8
2,1000,30000,200,1026.5
2,1000,30000,200,1044.1
2,1000,30000,200,1032.7
2,1000,30000,200,1018.7
2,1000,30000,200,1019.0
2,1000,30000,200,1015.6
2,1000,30000,200,1014.2
2,1000,30000,200,1015.9
2,1000,30000,200,1015.8
2,1000,30000,200,1014.6
2,1000,30000,200,1013.8
2,1000,30000,200,1014.6
2,1000,30000,200,1015.7
2,1000,30000,200,1018.2
2,1000,30000,200,1014.5
2,1000,30000,200,1013.3
2,1000,30000,200,1013.0
2,1000,30000,200,1016.4
2,1000,30000,200,1012.3
2,1000,30000,200,1014.1
2,1000,30000,200,1013.6
2,1000,30000,200,1014.7
2,1000,30000,200,1016.4
2,1000,30000,200,1019.6
2,1000,30000,200,1029.1
2,1000,30000,200,1021.0
2,1000,30000,200,1017.7
2,1000,30000,200,1015.7
2,1000,30000,200,1017.5
2,1000,30000,200,1014.8
2,1000,30000,200,1013.5
2,1000,30000,200,1015.5
2,1000,30000,200,1017.5
2,1000,30000,200,1027.7
2,1000,30000,200,1027.7
2,1000,30000,200,1028.0
2,1000,30000,200,1038.2
2,1000,30000,200,1035.0
2,1000,30000,200,1042.0
2,1000,30000,200,1043.7
2,1000,30000,200,1047.7
2,1000,30000,200,1051.1
2,1000,30000,200,1051.2
2,1000,30000,200,1019.6
2,1000,30000,200,1021.9
2,1000,30000,200,1041.6
2,1000,30000,200,1037.9
2,1000,30000,200,1039.2
2,1000,30000,200,1048.3
2,1000,30000,200,1049.9
2,1000,30000,200,1041.3
2,1000,30000,200,1065.7
2,1000,30000,200,1049.9
2,1000,30000,200,1024.2
2,1000,30000,200,1028.5
2,1000,30000,200,1032.4
2,1000,30000,200,1029.7
2,1000,30000,200,1042.0
2,1000,30000,200,1031.5
2,1000,30000,200,1034.4
2,1000,30000,200,1029.6
2,1000,30000,200,1031.8
2,1000,30000,200,1031.0
2,1000,30000,200,1018.9
2,1000,30000,200,1027.6
2,1000,30000,200,1016.8
2,1000,30000,200,1023.3
2,1000,30000,200,1024.9
2,1000,30000,200,1021.9
2,1000,30000,200,1021.8
2,1000,30000,200,1023.8
2,1000,30000,200,1021.1
2,1000,30000,200,1029.6
2,1000,30000,200,1022.1
2,1000,30000,200,1017.7
2,1000,30000,200,1017.6
2,1000,30000,200,1021.0
2,1000,30000,200,1017.3
2,1000,30000,200,1016.6
2,1000,30000,200,1019.4
2,1000,30000,200,1024.8
2,1000,30000,200,1017.9
2,1000,30000,200,1019.9
2,1000,30000,200,1020.2
2,1000,30000,200,1017.7
2,1000,30000,200,1016.5
2,1000,30000,200,1013.6
2,1000,30000,200,1019.0
2,1000,30000,200,1019.7
2,1000,30000,200,1021.9
2,1000,30000,200,1014.5
2,1000,30000,200,1014.3
2,1000,30000,200,1019.5
2,1000,30000,200,1021.2
2,1000,30000,200,1015.1
2,1000,30000,200,1016.5
2,1000,30000,200,1015.4
2,1000,30000,200,1016.2
2,1000,30000,200,1015.1
2,1000,30000,200,1015.8
2,1000,30000,200,1024.0
2,1000,30000,200,1021.4
2,1000,30000,200,1018.2
2,1000,30000,200,1031.1
2,1000,30000,200,1020.8
2,1000,30000,200,1015.6
2,1000,30000,200,1019.6
2,1000,30000,200,1020.8
2,1000,30000,200,1020.2
2,1000,30000,200,1026.6
2,1000,30000,200,1021.6
2,1000,30000,200,1023.4
2,1000,30000,200,1019.2
2,1000,30000,200,1022.0
2,1000,30000,200,1013.3
2,1000,30000,200,1013.0
2,1000,30000,200,1018.7
2,1000,30000,200,1018.6
2,1000,30000,200,1015.0
2,1000,30000,200,1017.5
2,1000,30000,200,1012.5
2,1000,30000,200,1013.5
2,1000,30000,200,1013.4
2,1000,30000,200,1007.4
2,1000,30000,200,1007.0
2,1000,30000,200,1007.5
2,1000,30000,200,1009.0
2,1000,30000,200,1005.6
2,1000,30000,200,1007.2
2,1000,30000,200,1004.9
2,1000,30000,200,1007.9
2,1000,30000,200,1004.6
2,1000,30000,200,1004.3
2,1000,30000,200,1008.2
2,1000,30000,200,1009.1
2,1000,30000,200,1013.3
2,1000,30000,200,1016.9
2,1000,30000,200,1009.3
2,1000,30000,200,1006.2
2,1000,30000,200,1007.7
2,1000,30000,200,1008.7
2,1000,30000,200,1009.1
2,1000,30000,200,1010.1
2,1000,30000,200,1010.7
2,1000,30000,200,1008.6
2,1000,30000,200,1009.8
2,1000,30000,200,1009.4
2,1000,30000,200,1011.8
2,1000,30000,200,1010.9
2,1000,30000,200,1009.9
2,1000,30000,200,1009.9
2,1000,30000,200,1012.0
2,1000,30000,200,1014.3
2,1000,30000,200,1010.3
2,1000,30000,200,1011.1
2,1000,30000,200,1011.1
2,1000,30000,200,1013.1
2,1000,30000,200,1010.8
2,1000,30000,200,1016.6
2,1000,30000,200,1010.5
2,1000,30000,200,1012.8
2,1000,30000,200,1015.8
2,1000,30000,200,1013.1
3,1000,30000,200,1014.3
3,1000,30000,200,1013.1
3,1000,30000,200,1015.0
3,1000,30000,200,1013.3
3,1000,30000,200,1019.8
3,1000,30000,200,1028.7
3,1000,30000,200,1028.0
3,1000,30000,200,1029.9
3,1000,30000,200,1029.4
3,1000,30000,200,1039.6
3,1000,30000,200,1011.1
3,1000,30000,200,1019.3
3,1000,30000,200,1010.2
3,1000,30000,200,1017.8
3,1000,30000,200,1020.6
3,1000,30000,200,1018.2
3,1000,30000,200,1016.5
3,1000,30000,200,1029.0
3,1000,30000,200,1018.9
3,1000,30000,200,1031.7
3,1000,30000,200,1025.0
3,1000,30000,200,1029.8
3,1000,30000,200,1033.0
3,1000,30000,200,1026.5
3,1000,30000,200,1016.5
3,1000,30000,200,1015.2
3,1000,30000,200,1011.6
3,1000,30000,200,1018.7
3,1000,30000,200,1024.4
3,1000,30000,200,1020.6
3,1000,30000,200,1028.8
3,1000,30000,200,1026.4
3,1000,30000,200,1021.8
3,1000,30000,200,1019.1
3,1000,30000,200,1017.0
3,1000,30000,200,1012.1
3,1000,30000,200,1012.5
3,1000,30000,200,1017.9
3,1000,30000,200,1022.1
3,1000,30000,200,1023.3
3,1000,30000,200,1018.5
3,1000,30000,200,1016.2
3,1000,30000,200,1016.6
3,1000,30000,200,1017.0
3,1000,30000,200,1016.4
3,1000,30000,200,1021.6
3,1000,30000,200,1019.6
3,1000,30000,200,1014.3
3,1000,30000,200,1016.1
3,1000,30000,200,1021.0
3,1000,30000,200,1020.1
3,1000,30000,200,1024.8
3,1000,30000,200,1026.5
3,1000,30000,200,1029.2
3,1000,30000,200,1043.0
3,1000,30000,200,1036.4
3,1000,30000,200,1043.5
3,1000,30000,200,1033.3
3,1000,30000,200,1035.6
3,1000,30000,200,1034.7
3,1000,30000,200,1018.7
3,1000,30000,200,1016.6
3,1000,30000,200,1035.9
3,1000,30000,200,1052.4
3,1000,30000,200,1046.5
3,1000,30000,200,1048.4
3,1000,30000,200,1057.8
3,1000,30000,200,1031.4
3,1000,30000,200,1066.0
3,1000,30000,200,1047.3
3,1000,30000,200,1014.9
3,1000,30000,200,1015.6
3,1000,30000,200,1016.5
3,1000,30000,200,1023.3
3,1000,30000,200,1017.5
3,1000,30000,200,1016.9
3,1000,30000,200,1016.3
3,1000,30000,200,1024.2
3,1000,30000,200,1032.7
3,1000,30000,200,1027.6
3,1000,30000,200,1020.4
3,1000,30000,200,1021.6
3,1000,30000,200,1016.5
3,1000,30000,200,1017.9
3,1000,30000,200,1021.3
3,1000,30000,200,1017.9
3,1000,30000,200,1016.0
3,1000,30000,200,1016.6
3,1000,30000,200,1022.6
3,1000,30000,200,1027.9
3,1000,30000,200,1024.1
3,1000,30000,200,1019.8
3,1000,30000,200,1014.5
3,1000,30000,200,1020.5
3,1000,30000,200,1021.3
3,1000,30000,200,1019.2
3,1000,30000,200,1014.3
3,1000,30000,200,1019.6
3,1000,30000,200,1024.7
3,1000,30000,200,1023.6
3,1000,30000,200,1015.5
3,1000,30000,200,1014.7
3,1000,30000,200,1014.7
3,1000,30000,200,1016.8
3,1000,30000,200,1011.8
3,1000,30000,200,1017.7
3,1000,30000,200,1012.4
3,1000,30000,200,1015.5
3,1000,30000,200,1016.3
3,1000,30000,200,1015.3
3,1000,30000,200,1025.5
3,1000,30000,200,1035.4
3,1000,30000,200,1021.9
3,1000,30000,200,1012.5
3,1000,30000,200,1017.1
3,1000,30000,200,1017.7
3,1000,30000,200,1013.5
3,1000,30000,200,1017.8
3,1000,30000,200,1015.8
3,1000,30000,200,1017.0
3,1000,30000,200,1032.2
3,1000,30000,200,1028.5
3,1000,30000,200,1030.0
3,1000,30000,200,1017.9
3,1000,30000,200,1017.0
3,1000,30000,200,1016.9
3,1000,30000,200,1017.4
3,1000,30000,200,1018.1
3,1000,30000,200,1014.5
3,1000,30000,200,1014.0
3,1000,30000,200,1025.8
3,1000,30000,200,1023.3
3,1000,30000,200,1021.2
3,1000,30000,200,1014.6
3,1000,30000,200,1013.6
3,1000,30000,200,1018.3
3,1000,30000,200,1019.0
3,1000,30000,200,1015.3
3,1000,30000,200,1017.7
3,1000,30000,200,1021.8
3,1000,30000,200,1019.2
3,1000,30000,200,1019.4
3,1000,30000,200,1019.1
3,1000,30000,200,1014.9
3,1000,30000,200,1013.0
3,1000,30000,200,1016.8
3,1000,30000,200,1018.8
3,1000,30000,200,1017.8
3,1000,30000,200,1017.7
3,1000,30000,200,1020.0
3,1000,30000,200,1018.4
3,1000,30000,200,1017.0
3,1000,30000,200,1016.8
3,1000,30000,200,1015.1
3,1000,30000,200,1018.3
3,1000,30000,200,1018.3
3,1000,30000,200,1013.0
3,1000,30000,200,1016.6
3,1000,30000,200,1021.1
3,1000,30000,200,1015.2
3,1000,30000,200,1019.2
3,1000,30000,200,1019.7
3,1000,30000,200,1024.5
3,1000,30000,200,1023.8
3,1000,30000,200,1019.0
3,1000,30000,200,1020.3
3,1000,30000,200,1020.4
3,1000,30000,200,1018.9
3,1000,30000,200,1024.0
3,1000,30000,200,1031.5
3,1000,30000,200,1020.6
3,1000,30000,200,1021.7
3,1000,30000,200,1022.7
3,1000,30000,200,1023.3
3,1000,30000,200,1019.2
3,1000,30000,200,1022.7
3,1000,30000,200,1023.7
3,1000,30000,200,1017.9
3,1000,30000,200,1028.0
3,1000,30000,200,1019.0
3,1000,30000,200,1026.4
3,1000,30000,200,1032.6
3,1000,30000,200,1034.6
3,1000,30000,200,1038.0
3,1000,30000,200,1041.3
3,1000,30000,200,1029.5
3,1000,30000,200,1029.5
3,1000,30000,200,1025.9
3,1000,30000,200,1015.3
3,1000,30000,200,1018.1
3,1000,30000,200,1036.4
3,1000,30000,200,1032.2
3,1000,30000,200,1033.4
3,1000,30000,200,1043.2
3,1000,30000,200,1029.9
3,1000,30000,200,1039.4
3,1000,30000,200,1027.6
3,1000,30000,200,1065.1
3,1000,30000,200,1014.2
3,1000,30000,200,1022.7
1,1500,30000,200,1531.0
1,1500,30000,200,1522.5
1,1500,30000,200,1562.0
1,1500,30000,200,1530.7
1,1500,30000,200,1576.1
1,1500,30000,200,1561.6
1,1500,30000,200,1595.6
1,1500,30000,200,1618.0
1,1500,30000,200,1607.5
1,1500,30000,200,1617.7
1,1500,30000,200,1515.3
1,1500,30000,200,1513.3
1,1500,30000,200,1517.8
1,1500,30000,200,1512.4
1,1500,30000,200,1515.6
1,1500,30000,200,1520.0
1,1500,30000,200,1527.9
1,1500,30000,200,1527.3
1,1500,30000,200,1525.7
1,1500,30000,200,1533.6
1,1500,30000,200,1514.6
1,1500,30000,200,1514.5
1,1500,30000,200,1510.9
1,1500,30000,200,1510.9
1,1500,30000,200,1518.1
1,1500,30000,200,1522.5
1,1500,30000,200,1518.4
1,1500,30000,200,1521.9
1,1500,30000,200,1524.4
1,1500,30000,200,1520.9
1,1500,30000,200,1517.3
1,1500,30000,200,1519.1
1,1500,30000,200,1512.0
1,1500,30000,200,1511.8
1,1500,30000,200,1515.5
1,1500,30000,200,1518.2
1,1500,30000,200,1511.8
1,1500,30000,200,1513.7
1,1500,30000,200,1513.8
1,1500,30000,200,1518.2
1,1500,30000,200,1527.3
1,1500,30000,200,1520.4
1,1500,30000,200,1516.3
1,1500,30000,200,1514.2
1,1500,30000,200,1516.5
1,1500,30000,200,1514.9
1,1500,30000,200,1519.4
1,1500,30000,200,1515.2
1,1500,30000,200,1517.4
1,1500,30000,200,1519.2
1,1500,30000,200,1519.0
1,1500,30000,200,1518.8
1,1500,30000,200,1514.3
1,1500,30000,200,1514.7
1,1500,30000,200,1517.0
1,1500,30000,200,1520.2
1,1500,30000,200,1520.0
1,1500,30000,200,1514.7
1,1500,30000,200,1523.0
1,1500,30000,200,1517.7
1,1500,30000,200,1520.4
1,1500,30000,200,1516.6
1,1500,30000,200,1518.0
1,1500,30000,200,1516.0
1,1500,30000,200,1521.4
1,1500,30000,200,1519.5
1,1500,30000,200,1515.3
1,1500,30000,200,1514.6
1,1500,30000,200,1516.3
1,1500,30000,200,1513.5
1,1500,30000,200,1514.8
1,1500,30000,200,1515.7
1,1500,30000,200,1518.3
1,1500,30000,200,1520.2
1,1500,30000,200,1519.6
1,1500,30000,200,1521.1
1,1500,30000,200,1527.6
1,1500,30000,200,1526.9
1,1500,30000,200,1516.7
1,1500,30000,200,1518.5
1,1500,30000,200,1517.2
1,1500,30000,200,1516.4
1,1500,30000,200,1518.9
1,1500,30000,200,1522.0
1,1500,30000,200,1518.7
1,1500,30000,200,1528.3
1,1500,30000,200,1530.9
1,1500,30000,200,1538.1
1,1500,30000,200,1535.8
1,1500,30000,200,1530.1
1,1500,30000,200,1518.0
1,1500,30000,200,1516.6
1,1500,30000,200,1520.4
1,1500,30000,200,1515.5
1,1500,30000,200,1515.5
1,1500,30000,200,1527.0
1,1500,30000,200,1531.8
1,1500,30000,200,1525.1
1,1500,30000,200,1523.8
1,1500,30000,200,1525.1
1,1500,30000,200,1517.9
1,1500,30000,200,1517.0
1,1500,30000,200,1518.8
1,1500,30000,200,1521.8
1,1500,30000,200,1521.1
1,1500,30000,200,1518.8
1,1500,30000,200,1517.2
1,1500,30000,200,1518.4
1,1500,30000,200,1521.7
1,1500,30000,200,1521.8
1,1500,30000,200,1526.1
1,1500,30000,200,1528.8
1,1500,30000,200,1521.4
1,1500,30000,200,1521.0
1,1500,30000,200,1517.3
1,1500,30000,200,1518.4
1,1500,30000,200,1520.1
1,1500,30000,200,1515.7
1,1500,30000,200,1524.9
1,1500,30000,200,1531.0
1,1500,30000,200,1522.9
1,1500,30000,200,1529.8
1,1500,30000,200,1517.3
1,1500,30000,200,1527.2
1,1500,30000,200,1522.4
1,1500,30000,200,1519.6
1,1500,30000,200,1525.9
1,1500,30000,200,1533.3
1,1500,30000,200,1531.9
1,1500,30000,200,1531.5
1,1500,30000,200,1523.5
1,1500,30000,200,1517.9
1,1500,30000,200,1527.3
1,1500,30000,200,1524.9
1,1500,30000,200,1521.1
1,1500,30000,200,1518.2
1,1500,30000,200,1522.8
1,1500,30000,200,1526.7
1,1500,30000,200,1522.5
1,1500,30000,200,1518.6
1,1500,30000,200,1521.6
1,1500,30000,200,1521.0
1,1500,30000,200,1517.6
1,1500,30000,200,1516.6
1,1500,30000,200,1520.7
1,1500,30000,200,1517.7
1,1500,30000,200,1517.7
1,1500,30000,200,1517.7
1,1500,30000,200,1518.3
1,1500,30000,200,1516.9
1,1500,30000,200,1528.9
1,1500,30000,200,1528.1
1,1500,30000,200,1517.0
1,1500,30000,200,1526.4
1,1500,30000,200,1521.3
1,1500,30000,200,1526.2
1,1500,30000,200,1522.1
1,1500,30000,200,1526.8
1,1500,30000,200,1528.4
1,1500,30000,200,1532.0
1,1500,30000,200,1510.0
1,1500,30000,200,1509.6
1,1500,30000,200,1502.1
1,1500,30000,200,1504.5
1,1500,30000,200,1501.4
1,1500,30000,200,1510.8
1,1500,30000,200,1511.5
1,1500,30000,200,1517.5
1,1500,30000,200,1504.8
1,1500,30000,200,1501.9
1,1500,30000,200,1514.6
1,1500,30000,200,1514.1
1,1500,30000,200,1502.1
1,1500,30000,200,1503.6
1,1500,30000,200,1502.6
1,1500,30000,200,1507.3
1,1500,30000,200,1504.3
1,1500,30000,200,1502.0
1,1500,30000,200,1504.9
1,1500,30000,200,1509.5
1,1500,30000,200,1510.2
1,1500,30000,200,1525.0
1,1500,30000,200,1518.7
1,1500,30000,200,1503.7
1,1500,30000,200,1504.2
1,1500,30000,200,1506.1
1,1500,30000,200,1505.4
1,1500,30000,200,1504.3
1,1500,30000,200,1508.3
1,1500,30000,200,1504.7
1,1500,30000,200,1527.9
1,1500,30000,200,1523.1
1,1500,30000,200,1516.8
1,1500,30000,200,1510.7
1,1500,30000,200,1512.0
1,1500,30000,200,1507.7
1,1500,30000,200,1510.7
1,1500,30000,200,1507.8
1,1500,30000,200,1510.6
1,1500,30000,200,1508.4
2,1500,30000,200,1512.6
2,1500,30000,200,1517.7
2,1500,30000,200,1515.4
2,1500,30000,200,1518.9
2,1500,30000,200,1524.6
2,1500,30000,200,1530.7
2,1500,30000,200,1532.7
2,1500,30000,200,1533.3
2,1500,30000,200,1530.8
2,1500,30000,200,1530.8
2,1500,30000,200,1516.3
2,1500,30000,200,1513.1
2,1500,30000,200,1521.0
2,1500,30000,200,1528.3
2,1500,30000,200,1527.3
2,1500,30000,200,1542.4
2,1500,30000,200,1529.0
2,1500,30000,200,1536.4
2,1500,30000,200,1541.0
2,1500,30000,200,1561.3
2,1500,30000,200,1518.1
2,1500,30000,200,1515.3
2,1500,30000,200,1516.7
2,1500,30000,200,1524.2
2,1500,30000,200,1522.1
2,1500,30000,200,1525.7
2,1500,30000,200,1527.0
2,1500,30000,200,1533.3
2,1500,30000,200,1525.4
2,1500,30000,200,1534.4
2,1500,30000,200,1518.3
2,1500,30000,200,1518.8
2,1500,30000,200,1514.7
2,1500,30000,200,1520.3
2,1500,30000,200,1522.7
2,1500,30000,200,1517.4
2,1500,30000,200,1513.0
2,1500,30000,200,1518.7
2,1500,30000,200,1518.1
2,1500,30000,200,1519.3
2,1500,30000,200,1525.8
2,1500,30000,200,1531.6
2,1500,30000,200,1529.5
2,1500,30000,200,1514.5
2,1500,30000,200,1514.8
2,1500,30000,200,1517.8
2,1500,30000,200,1523.4
2,1500,30000,200,1516.8
2,1500,30000,200,1517.2
2,1500,30000,200,1526.5
2,1500,30000,200,1522.4
2,1500,30000,200,1526.8
2,1500,30000,200,1535.4
2,1500,30000,200,1532.2
2,1500,30000,200,1531.1
2,1500,30000,200,1526.6
2,1500,30000,200,1527.2
2,1500,30000,200,1521.7
2,1500,30000,200,1518.7
2,1500,30000,200,1524.2
2,1500,30000,200,1520.1
2,1500,30000,200,1526.9
2,1500,30000,200,1526.7
2,1500,30000,200,1523.3
2,1500,30000,200,1521.5
2,1500,30000,200,1523.3
2,1500,30000,200,1527.7
2,1500,30000,200,1529.0
2,1500,30000,200,1535.6
2,1500,30000,200,1530.0
2,1500,30000,200,1522.3
2,1500,30000,200,1514.5
2,1500,30000,200,1517.6
2,1500,30000,200,1513.8
2,1500,30000,200,1513.1
2,1500,30000,200,1523.4
2,1500,30000,200,1528.3
2,1500,30000,200,1523.6
2,1500,30000,200,1525.0
2,1500,30000,200,1536.7
2,1500,30000,200,1515.0
2,1500,30000,200,1516.3
2,1500,30000,200,1516.3
2,1500,30000,200,1515.4
2,1500,30000,200,1520.8
2,1500,30000,200,1515.8
2,1500,30000,200,1516.8
2,1500,30000,200,1517.0
2,1500,30000,200,1524.4
2,1500,30000,200,1523.8
2,1500,30000,200,1519.5
2,1500,30000,200,1518.6
2,1500,30000,200,1524.7
2,1500,30000,200,1532.9
2,1500,30000,200,1532.9
2,1500,30000,200,1521.0
2,1500,30000,200,1517.8
2,1500,30000,200,1520.6
2,1500,30000,200,1523.4
2,1500,30000,200,1523.0
2,1500,30000,200,1524.3
2,1500,30000,200,1519.7
2,1500,30000,200,1526.4
2,1500,30000,200,1523.6
2,1500,30000,200,1518.1
2,1500,30000,200,1524.9
2,1500,30000,200,1523.0
2,1500,30000,200,1521.9
2,1500,30000,200,1526.2
2,1500,30000,200,1525.8
2,1500,30000,200,1522.6
2,1500,30000,200,1519.3
2,1500,30000,200,1520.2
2,1500,30000,200,1518.1
2,1500,30000,200,1517.2
2,1500,30000,200,1521.9
2,1500,30000,200,1521.8
2,1500,30000,200,1516.6
2,1500,30000,200,1518.8
2,1500,30000,200,1522.2
2,1500,30000,200,1523.7
2,1500,30000,200,1526.2
2,1500,30000,200,1519.9
2,1500,30000,200,1520.5
2,1500,30000,200,1519.0
2,1500,30000,200,1516.7
2,1500,30000,200,1515.4
2,1500,30000,200,1517.3
2,1500,30000,200,1521.8
2,1500,30000,200,1520.8
2,1500,30000,200,1524.0
2,1500,30000,200,1522.6
2,1500,30000,200,1519.4
2,1500,30000,200,1519.2
2,1500,30000,200,1518.1
2,1500,30000,200,1519.1
2,1500,30000,200,1517.9
2,1500,30000,200,1515.9
2,1500,30000,200,1519.8
2,1500,30000,200,1518.9
2,1500,30000,200,1519.8
2,1500,30000,200,1518.8
2,1500,30000,200,1518.3
2,1500,30000,200,1517.2
2,1500,30000,200,1518.2
2,1500,30000,200,1515.4
2,1500,30000,200,1511.4
2,1500,30000,200,1515.2
2,1500,30000,200,1515.4
2,1500,30000,200,1515.4
2,1500,30000,200,1505.7
2,1500,30000,200,1503.3
2,1500,30000,200,1499.6
2,1500,30000,200,1505.9
2,1500,30000,200,1505.4
2,1500,30000,200,1504.0
2,1500,30000,200,1505.4
2,1500,30000,200,1505.0
2,1500,30000,200,1504.6
2,1500,30000,200,1504.9
2,1500,30000,200,1515.2
2,1500,30000,200,1530.8
2,1500,30000,200,1537.3
2,1500,30000,200,1529.0
2,1500,30000,200,1531.2
2,1500,30000,200,1512.0
2,1500,30000,200,1510.8
2,1500,30000,200,1512.4
2,1500,30000,200,1506.6
2,1500,30000,200,1506.7
2,1500,30000,200,1544.2
2,1500,30000,200,1531.1
2,1500,30000,200,1519.5
2,1500,30000,200,1527.7
2,1500,30000,200,1527.6
2,1500,30000,200,1520.8
2,1500,30000,200,1517.0
2,1500,30000,200,1536.0
2,1500,30000,200,1512.2
2,1500,30000,200,1512.2
2,1500,30000,200,1511.7
2,1500,30000,200,1510.3
2,1500,30000,200,1514.4
2,1500,30000,200,1509.5
2,1500,30000,200,1509.1
2,1500,30000,200,1511.5
2,1500,30000,200,1517.7
2,1500,30000,200,1519.4
2,1500,30000,200,1509.7
2,1500,30000,200,1510.6
2,1500,30000,200,1514.1
2,1500,30000,200,1511.7
2,1500,30000,200,1510.4
2,1500,30000,200,1510.6
2,1500,30000,200,1508.6
2,1500,30000,200,1509.0
2,1500,30000,200,1516.7
2,1500,30000,200,1515.1
2,1500,30000,200,1511.8
2,1500,30000,200,1513.2
3,1500,30000,200,1521.7
3,1500,30000,200,1536.8
3,1500,30000,200,1533.6
3,1500,30000,200,1536.9
3,1500,30000,200,1554.3
3,1500,30000,200,1543.4
3,1500,30000,200,1554.4
3,1500,30000,200,1593.3
3,1500,30000,200,1611.8
3,1500,30000,200,1582.6
3,1500,30000,200,1522.6
3,1500,30000,200,1518.2
3,1500,30000,200,1517.2
3,1500,30000,200,1516.6
3,1500,30000,200,1521.4
3,1500,30000,200,1521.9
3,1500,30000,200,1530.8
3,1500,30000,200,1539.9
3,1500,30000,200,1541.4
3,1500,30000,200,1541.8
3,1500,30000,200,1520.9
3,1500,30000,200,1513.0
3,1500,30000,200,1517.8
3,1500,30000,200,1518.1
3,1500,30000,200,1525.1
3,1500,30000,200,1523.9
3,1500,30000,200,1522.3
3,1500,30000,200,1522.5
3,1500,30000,200,1523.0
3,1500,30000,200,1525.3
3,1500,30000,200,1523.1
3,1500,30000,200,1518.3
3,1500,30000,200,1518.4
3,1500,30000,200,1517.0
3,1500,30000,200,1528.6
3,1500,30000,200,1533.1
3,1500,30000,200,1524.1
3,1500,30000,200,1523.2
3,1500,30000,200,1521.0
3,1500,30000,200,1538.1
3,1500,30000,200,1530.4
3,1500,30000,200,1527.3
3,1500,30000,200,1524.8
3,1500,30000,200,1524.9
3,1500,30000,200,1527.3
3,1500,30000,200,1522.6
3,1500,30000,200,1524.8
3,1500,30000,200,1528.3
3,1500,30000,200,1527.1
3,1500,30000,200,1524.4
3,1500,30000,200,1527.6
3,1500,30000,200,1529.2
3,1500,30000,200,1528.3
3,1500,30000,200,1525.2
3,1500,30000,200,1525.1
3,1500,30000,200,1524.5
3,1500,30000,200,1522.1
3,1500,30000,200,1521.7
3,1500,30000,200,1524.7
3,1500,30000,200,1523.1
3,1500,30000,200,1523.1
3,1500,30000,200,1521.2
3,1500,30000,200,1518.2
3,1500,30000,200,1527.6
3,1500,30000,200,1528.4
3,1500,30000,200,1527.4
3,1500,30000,200,1524.0
3,1500,30000,200,1525.2
3,1500,30000,200,1521.2
3,1500,30000,200,1520.1
3,1500,30000,200,1521.3
3,1500,30000,200,1525.0
3,1500,30000,200,1522.7
3,1500,30000,200,1524.1
3,1500,30000,200,1519.7
3,1500,30000,200,1520.6
3,1500,30000,200,1514.6
3,1500,30000,200,1519.7
3,1500,30000,200,1528.0
3,1500,30000,200,1537.5
3,1500,30000,200,1528.5
3,1500,30000,200,1526.6
3,1500,30000,200,1538.3
3,1500,30000,200,1526.9
3,1500,30000,200,1529.9
3,1500,30000,200,1549.8
3,1500,30000,200,1549.3
3,1500,30000,200,1523.7
3,1500,30000,200,1526.3
3,1500,30000,200,1521.0
3,1500,30000,200,1528.7
3,1500,30000,200,1544.0
3,1500,30000,200,1546.2
3,1500,30000,200,1549.3
3,1500,30000,200,1541.7
3,1500,30000,200,1533.2
3,1500,30000,200,1536.6
3,1500,30000,200,1531.2
3,1500,30000,200,1520.1
3,1500,30000,200,1520.0
3,1500,30000,200,1537.6
3,1500,30000,200,1532.9
3,1500,30000,200,1549.6
3,1500,30000,200,1558.2
3,1500,30000,200,1526.1
3,1500,30000,200,1525.1
3,1500,30000,200,1532.5
3,1500,30000,200,1537.8
3,1500,30000,200,1533.7
3,1500,30000,200,1530.7
3,1500,30000,200,1537.1
3,1500,30000,200,1532.5
3,1500,30000,200,1543.5
3,1500,30000,200,1528.4
3,1500,30000,200,1522.5
3,1500,30000,200,1524.0
3,1500,30000,200,1529.2
3,1500,30000,200,1536.0
3,1500,30000,200,1542.8
3,1500,30000,200,1540.4
3,1500,30000,200,1541.2
3,1500,30000,200,1536.8
3,1500,30000,200,1522.8
3,1500,30000,200,1525.5
3,1500,30000,200,1525.7
3,1500,30000,200,1519.4
3,1500,30000,200,1520.8
3,1500,30000,200,1524.5
3,1500,30000,200,1531.4
3,1500,30000,200,1546.8
3,1500,30000,200,1533.2
3,1500,30000,200,1539.0
3,1500,30000,200,1533.4
3,1500,30000,200,1532.3
3,1500,30000,200,1529.3
3,1500,30000,200,1520.5
3,1500,30000,200,1510.4
3,1500,30000,200,1514.3
3,1500,30000,200,1528.2
3,1500,30000,200,1530.5
3,1500,30000,200,1543.5
3,1500,30000,200,1550.7
3,1500,30000,200,1537.9
3,1500,30000,200,1544.2
3,1500,30000,200,1540.5
3,1500,30000,200,1534.3
3,1500,30000,200,1524.8
3,1500,30000,200,1520.2
3,1500,30000,200,1508.6
3,1500,30000,200,1508.3
3,1500,30000,200,1531.8
3,1500,30000,200,1525.0
3,1500,30000,200,1528.7
3,1500,30000,200,1528.0
3,1500,30000,200,1523.6
3,1500,30000,200,1539.4
3,1500,30000,200,1521.5
3,1500,30000,200,1551.3
3,1500,30000,200,1508.6
3,1500,30000,200,1510.4
3,1500,30000,200,1515.1
3,1500,30000,200,1513.9
3,1500,30000,200,1514.8
3,1500,30000,200,1519.8
3,1500,30000,200,1521.2
3,1500,30000,200,1535.5
3,1500,30000,200,1539.7
3,1500,30000,200,1549.6
3,1500,30000,200,1545.3
3,1500,30000,200,1537.4
3,1500,30000,200,1522.5
3,1500,30000,200,1521.1
3,1500,30000,200,1514.7
3,1500,30000,200,1515.9
3,1500,30000,200,1532.8
3,1500,30000,200,1532.2
3,1500,30000,200,1532.8
3,1500,30000,200,1539.1
3,1500,30000,200,1528.9
3,1500,30000,200,1552.0
3,1500,30000,200,1515.4
3,1500,30000,200,1517.0
3,1500,30000,200,1514.1
3,1500,30000,200,1512.7
3,1500,30000,200,1517.6
3,1500,30000,200,1517.2
3,1500,30000,200,1518.4
3,1500,30000,200,1517.7
3,1500,30000,200,1525.4
3,1500,30000,200,1536.2
3,1500,30000,200,1522.7
3,1500,30000,200,1519.1
3,1500,30000,200,1519.6
3,1500,30000,200,1530.6
3,1500,30000,200,1514.9
3,1500,30000,200,1517.2
3,1500,30000,200,1516.6
3,1500,30000,200,1521.5
3,1500,30000,200,1513.8
3,1500,30000,200,1511.5
1,2000,30000,200,2035.4
1,2000,30000,200,2038.3
1,2000,30000,200,2043.2
1,2000,30000,200,2058.1
1,2000,30000,200,2060.0
1,2000,30000,200,2090.1
1,2000,30000,200,2090.6
1,2000,30000,200,2112.2
1,2000,30000,200,2094.3
1,2000,30000,200,2104.5
1,2000,30000,200,2033.8
1,2000,30000,200,2034.9
1,2000,30000,200,2027.2
1,2000,30000,200,2027.8
1,2000,30000,200,2018.3
1,2000,30000,200,2019.1
1,2000,30000,200,2022.7
1,2000,30000,200,2020.7
1,2000,30000,200,2029.1
1,2000,30000,200,2029.9
1,2000,30000,200,2042.9
1,2000,30000,200,2034.0
1,2000,30000,200,2028.8
1,2000,30000,200,2022.9
1,2000,30000,200,2020.8
1,2000,30000,200,2020.8
1,2000,30000,200,2019.6
1,2000,30000,200,2021.5
1,2000,30000,200,2025.6
1,2000,30000,200,2029.0
1,2000,30000,200,2047.4
1,2000,30000,200,2059.6
1,2000,30000,200,2064.1
1,2000,30000,200,2058.9
1,2000,30000,200,2056.7
1,2000,30000,200,2049.4
1,2000,30000,200,2041.3
1,2000,30000,200,2045.2
1,2000,30000,200,2035.1
1,2000,30000,200,2047.7
1,2000,30000,200,2042.8
1,2000,30000,200,2042.0
1,2000,30000,200,2053.7
1,2000,30000,200,2033.9
1,2000,30000,200,2062.0
1,2000,30000,200,2036.7
1,2000,30000,200,2075.3
1,2000,30000,200,2048.6
1,2000,30000,200,2040.9
1,2000,30000,200,2038.9
1,2000,30000,200,2005.9
1,2000,30000,200,2005.9
1,2000,30000,200,2001.3
1,2000,30000,200,1999.7
1,2000,30000,200,1995.0
1,2000,30000,200,1997.0
1,2000,30000,200,2002.1
1,2000,30000,200,2006.2
1,2000,30000,200,2014.9
1,2000,30000,200,2021.9
1,2000,30000,200,2014.6
1,2000,30000,200,2003.1
1,2000,30000,200,2004.6
1,2000,30000,200,2005.3
1,2000,30000,200,2005.7
1,2000,30000,200,2006.1
1,2000,30000,200,2001.5
1,2000,30000,200,2001.7
1,2000,30000,200,2008.0
1,2000,30000,200,2009.9
1,2000,30000,200,2009.0
1,2000,30000,200,2006.0
1,2000,30000,200,2010.6
1,2000,30000,200,2013.1
1,2000,30000,200,2015.6
1,2000,30000,200,2012.5
1,2000,30000,200,2008.3
1,2000,30000,200,2007.1
1,2000,30000,200,2007.8
1,2000,30000,200,2008.6
1,2000,30000,200,2009.9
1,2000,30000,200,2008.1
1,2000,30000,200,2015.3
1,2000,30000,200,2015.2
1,2000,30000,200,2019.7
1,2000,30000,200,2018.2
1,2000,30000,200,2016.1
1,2000,30000,200,2016.0
1,2000,30000,200,2015.1
1,2000,30000,200,2008.7
1,2000,30000,200,2024.5
1,2000,30000,200,2031.3
1,2000,30000,200,2019.4
1,2000,30000,200,2015.3
1,2000,30000,200,2024.2
1,2000,30000,200,2028.7
1,2000,30000,200,2023.1
1,2000,30000,200,2024.2
1,2000,30000,200,2012.6
1,2000,30000,200,2013.4
1,2000,30000,200,2026.2
1,2000,30000,200,2021.3
1,2000,30000,200,2019.2
1,2000,30000,200,2019.4
1,2000,30000,200,2016.6
1,2000,30000,200,2025.8
1,2000,30000,200,2031.3
1,2000,30000,200,2023.3
1,2000,30000,200,2020.2
1,2000,30000,200,2022.3
1,2000,30000,200,2019.0
1,2000,30000,200,2017.3
1,2000,30000,200,2017.4
1,2000,30000,200,2019.4
1,2000,30000,200,2015.1
1,2000,30000,200,2021.7
1,2000,30000,200,2027.5
1,2000,30000,200,2033.7
1,2000,30000,200,2029.0
1,2000,30000,200,2026.2
1,2000,30000,200,2026.4
1,2000,30000,200,2027.5
1,2000,30000,200,2016.7
1,2000,30000,200,2015.6
1,2000,30000,200,2026.0
1,2000,30000,200,2025.4
1,2000,30000,200,2033.1
1,2000,30000,200,2039.9
1,2000,30000,200,2040.9
1,2000,30000,200,2041.8
1,2000,30000,200,2022.9
1,2000,30000,200,2018.1
1,2000,30000,200,2017.9
1,2000,30000,200,2016.4
1,2000,30000,200,2024.0
1,2000,30000,200,2026.1
1,2000,30000,200,2023.2
1,2000,30000,200,2035.7
1,2000,30000,200,2038.5
1,2000,30000,200,2037.9
1,2000,30000,200,2029.5
1,2000,30000,200,2035.6
1,2000,30000,200,2030.7
1,2000,30000,200,2029.4
1,2000,30000,200,2019.1
1,2000,30000,200,2024.6
1,2000,30000,200,2021.9
1,2000,30000,200,2022.8
1,2000,30000,200,2020.5
1,2000,30000,200,2032.8
1,2000,30000,200,2031.7
1,2000,30000,200,2029.4
1,2000,30000,200,2032.0
1,2000,30000,200,2032.8
1,2000,30000,200,2019.8
1,2000,30000,200,2027.7
1,2000,30000,200,2033.9
1,2000,30000,200,2025.9
1,2000,30000,200,2030.9
1,2000,30000,200,2031.1
1,2000,30000,200,2023.0
1,2000,30000,200,2020.6
1,2000,30000,200,2024.2
1,2000,30000,200,2021.4
1,2000,30000,200,2021.7
1,2000,30000,200,2025.8
1,2000,30000,200,2030.0
1,2000,30000,200,2028.7
1,2000,30000,200,2026.2
1,2000,30000,200,2028.5
1,2000,30000,200,2024.6
1,2000,30000,200,2026.0
1,2000,30000,200,2021.7
1,2000,30000,200,2023.7
1,2000,30000,200,2016.7
1,2000,30000,200,2024.3
1,2000,30000,200,2023.2
1,2000,30000,200,2029.6
1,2000,30000,200,2028.4
1,2000,30000,200,2028.7
1,2000,30000,200,2027.4
1,2000,30000,200,2030.0
1,2000,30000,200,2038.6
1,2000,30000,200,2035.5
1,2000,30000,200,2038.8
1,2000,30000,200,2026.3
1,2000,30000,200,2020.8
1,2000,30000,200,2029.8
1,2000,30000,200,2022.5
1,2000,30000,200,2027.9
1,2000,30000,200,2022.6
1,2000,30000,200,2022.1
1,2000,30000,200,2030.7
1,2000,30000,200,2022.8
1,2000,30000,200,2032.0
1,2000,30000,200,2013.2
1,2000,30000,200,2021.1
1,2000,30000,200,2012.2
1,2000,30000,200,2009.6
1,2000,30000,200,2012.8
2,2000,30000,200,2000.6
2,2000,30000,200,2005.1
2,2000,30000,200,2000.7
2,2000,30000,200,2000.3
2,2000,30000,200,1999.2
2,2000,30000,200,2013.1
2,2000,30000,200,2021.3
2,2000,30000,200,2017.7
2,2000,30000,200,2019.5
2,2000,30000,200,2022.0
2,2000,30000,200,2017.8
2,2000,30000,200,2022.1
2,2000,30000,200,2022.3
2,2000,30000,200,2026.8
2,2000,30000,200,2029.1
2,2000,30000,200,2009.2
2,2000,30000,200,2005.5
2,2000,30000,200,2017.5
2,2000,30000,200,2013.0
2,2000,30000,200,2017.4
2,2000,30000,200,2024.0
2,2000,30000,200,2024.6
2,2000,30000,200,2031.7
2,2000,30000,200,2029.8
2,2000,30000,200,2046.2
2,2000,30000,200,2047.5
2,2000,30000,200,2032.3
2,2000,30000,200,2018.0
2,2000,30000,200,2022.6
2,2000,30000,200,2023.7
2,2000,30000,200,2016.7
2,2000,30000,200,2014.1
2,2000,30000,200,2018.4
2,2000,30000,200,2014.8
2,2000,30000,200,2024.5
2,2000,30000,200,2022.3
2,2000,30000,200,2018.2
2,2000,30000,200,2023.8
2,2000,30000,200,2017.6
2,2000,30000,200,2010.9
2,2000,30000,200,2031.7
2,2000,30000,200,2030.2
2,2000,30000,200,2024.7
2,2000,30000,200,2027.1
2,2000,30000,200,2020.9
2,2000,30000,200,2021.9
2,2000,30000,200,2024.0
2,2000,30000,200,2013.6
2,2000,30000,200,2018.3
2,2000,30000,200,2021.2
2,2000,30000,200,2025.4
2,2000,30000,200,2025.9
2,2000,30000,200,2024.3
2,2000,30000,200,2023.8
2,2000,30000,200,2028.9
2,2000,30000,200,2031.7
2,2000,30000,200,2030.5
2,2000,30000,200,2037.9
2,2000,30000,200,2029.1
2,2000,30000,200,2029.4
2,2000,30000,200,2020.8
2,2000,30000,200,2018.2
2,2000,30000,200,2025.3
2,2000,30000,200,2024.3
2,2000,30000,200,2024.8
2,2000,30000,200,2025.4
2,2000,30000,200,2029.8
2,2000,30000,200,2027.8
2,2000,30000,200,2032.1
2,2000,30000,200,2030.3
2,2000,30000,200,2027.4
2,2000,30000,200,2023.2
2,2000,30000,200,2034.1
2,2000,30000,200,2042.2
2,2000,30000,200,2026.9
2,2000,30000,200,2033.8
2,2000,30000,200,2036.3
2,2000,30000,200,2039.1
2,2000,30000,200,2048.0
2,2000,30000,200,2046.8
2,2000,30000,200,2022.8
2,2000,30000,200,2025.7
2,2000,30000,200,2030.2
2,2000,30000,200,2027.2
2,2000,30000,200,2026.7
2,2000,30000,200,2036.1
2,2000,30000,200,2039.6
2,2000,30000,200,2045.0
2,2000,30000,200,2030.4
2,2000,30000,200,2039.4
2,2000,30000,200,2031.9
2,2000,30000,200,2026.7
2,2000,30000,200,2028.5
2,2000,30000,200,2023.3
2,2000,30000,200,2022.3
2,2000,30000,200,2025.8
2,2000,30000,200,2026.7
2,2000,30000,200,2028.0
2,2000,30000,200,2032.2
2,2000,30000,200,2035.3
2,2000,30000,200,2025.2
2,2000,30000,200,2031.2
2,2000,30000,200,2023.3
2,2000,30000,200,2023.2
2,2000,30000,200,2023.6
2,2000,30000,200,2028.7
2,2000,30000,200,2028.4
2,2000,30000,200,2024.2
2,2000,30000,200,2029.1
2,2000,30000,200,2047.9
2,2000,30000,200,2018.7
2,2000,30000,200,2024.3
2,2000,30000,200,2024.8
2,2000,30000,200,2022.5
2,2000,30000,200,2023.6
2,2000,30000,200,2028.2
2,2000,30000,200,2020.2
2,2000,30000,200,2019.6
2,2000,30000,200,2041.7
2,2000,30000,200,2037.8
2,2000,30000,200,2021.9
2,2000,30000,200,2021.2
2,2000,30000,200,2020.9
2,2000,30000,200,2019.9
2,2000,30000,200,2020.3
2,2000,30000,200,2028.8
2,2000,30000,200,2037.1
2,2000,30000,200,2032.1
2,2000,30000,200,2034.8
2,2000,30000,200,2033.0
2,2000,30000,200,2010.1
2,2000,30000,200,2007.8
2,2000,30000,200,2004.9
2,2000,30000,200,2007.4
2,2000,30000,200,2004.3
2,2000,30000,200,2016.4
2,2000,30000,200,2008.1
2,2000,30000,200,2007.2
2,2000,30000,200,2009.5
2,2000,30000,200,2008.2
2,2000,30000,200,2002.2
2,2000,30000,200,1999.1
2,2000,30000,200,2000.8
2,2000,30000,200,2001.0
2,2000,30000,200,1999.0
2,2000,30000,200,2000.7
2,2000,30000,200,2001.0
2,2000,30000,200,2001.0
2,2000,30000,200,1999.1
2,2000,30000,200,2006.1
2,2000,30000,200,2020.2
2,2000,30000,200,2029.9
2,2000,30000,200,2025.0
2,2000,30000,200,2024.7
2,2000,30000,200,2024.3
2,2000,30000,200,2007.5
2,2000,30000,200,2006.4
2,2000,30000,200,2004.0
2,2000,30000,200,2008.1
2,2000,30000,200,2002.4
2,2000,30000,200,2028.0
2,2000,30000,200,2020.3
2,2000,30000,200,2027.8
2,2000,30000,200,2029.4
2,2000,30000,200,2018.7
2,2000,30000,200,2010.2
2,2000,30000,200,2011.1
2,2000,30000,200,2010.6
2,2000,30000,200,2012.2
2,2000,30000,200,2020.5
2,2000,30000,200,2014.8
2,2000,30000,200,2012.4
2,2000,30000,200,2013.8
2,2000,30000,200,2015.6
2,2000,30000,200,2026.7
2,2000,30000,200,2016.8
2,2000,30000,200,2015.7
2,2000,30000,200,2014.9
2,2000,30000,200,2023.3
2,2000,30000,200,2021.0
2,2000,30000,200,2015.6
2,2000,30000,200,2019.6
2,2000,30000,200,2015.3
2,2000,30000,200,2028.7
2,2000,30000,200,2040.6
2,2000,30000,200,2014.6
2,2000,30000,200,2017.5
2,2000,30000,200,2016.2
2,2000,30000,200,2017.0
2,2000,30000,200,2013.6
2,2000,30000,200,2021.1
2,2000,30000,200,2020.9
2,2000,30000,200,2022.0
2,2000,30000,200,2020.0
2,2000,30000,200,2032.3
2,2000,30000,200,2025.8
2,2000,30000,200,2024.9
2,2000,30000,200,2024.1
2,2000,30000,200,2028.7
2,2000,30000,200,2024.7
3,2000,30000,200,2025.9
3,2000,30000,200,2022.7
3,2000,30000,200,2024.7
3,2000,30000,200,2021.1
3,2000,30000,200,2022.7
3,2000,30000,200,2023.7
3,2000,30000,200,2040.2
3,2000,30000,200,2034.6
3,2000,30000,200,2034.8
3,2000,30000,200,2055.2
3,2000,30000,200,2023.1
3,2000,30000,200,2020.7
3,2000,30000,200,2022.6
3,2000,30000,200,2020.8
3,2000,30000,200,2024.7
3,2000,30000,200,2020.5
3,2000,30000,200,2020.9
3,2000,30000,200,2024.8
3,2000,30000,200,2025.2
3,2000,30000,200,2028.3
3,2000,30000,200,2029.2
3,2000,30000,200,2030.4
3,2000,30000,200,2020.3
3,2000,30000,200,2025.9
3,2000,30000,200,2020.1
3,2000,30000,200,2020.2
3,2000,30000,200,2020.8
3,2000,30000,200,2026.5
3,2000,30000,200,2023.4
3,2000,30000,200,2026.4
3,2000,30000,200,2029.1
3,2000,30000,200,2039.6
3,2000,30000,200,2051.5
3,2000,30000,200,2044.0
3,2000,30000,200,2042.7
3,2000,30000,200,2040.2
3,2000,30000,200,2027.4
3,2000,30000,200,2034.2
3,2000,30000,200,2029.9
3,2000,30000,200,2025.8
3,2000,30000,200,2042.6
3,2000,30000,200,2036.3
3,2000,30000,200,2038.9
3,2000,30000,200,2047.3
3,2000,30000,200,2046.2
3,2000,30000,200,2038.0
3,2000,30000,200,2072.4
3,2000,30000,200,2032.0
3,2000,30000,200,2034.3
3,2000,30000,200,2036.4
3,2000,30000,200,2029.0
3,2000,30000,200,2040.0
3,2000,30000,200,2026.0
3,2000,30000,200,2020.0
3,2000,30000,200,2021.1
3,2000,30000,200,2025.2
3,2000,30000,200,2024.3
3,2000,30000,200,2029.1
3,2000,30000,200,2030.9
3,2000,30000,200,2025.9
3,2000,30000,200,2045.3
3,2000,30000,200,2042.5
3,2000,30000,200,2047.2
3,2000,30000,200,2048.1
3,2000,30000,200,2049.6
3,2000,30000,200,2049.7
3,2000,30000,200,2045.2
3,2000,30000,200,2045.7
3,2000,30000,200,2045.6
3,2000,30000,200,2049.9
3,2000,30000,200,2017.5
3,2000,30000,200,2016.4
3,2000,30000,200,2015.4
3,2000,30000,200,2036.0
3,2000,30000,200,2018.3
3,2000,30000,200,2028.3
3,2000,30000,200,2074.3
3,2000,30000,200,2075.2
3,2000,30000,200,2056.1
3,2000,30000,200,2063.7
3,2000,30000,200,2008.2
3,2000,30000,200,2000.8
3,2000,30000,200,2003.2
3,2000,30000,200,2001.1
3,2000,30000,200,2000.1
3,2000,30000,200,2010.0
3,2000,30000,200,2013.8
3,2000,30000,200,2006.1
3,2000,30000,200,2005.2
3,2000,30000,200,2006.3
3,2000,30000,200,2007.7
3,2000,30000,200,2005.9
3,2000,30000,200,2006.9
3,2000,30000,200,2005.0
3,2000,30000,200,2004.2
3,2000,30000,200,2003.2
3,2000,30000,200,2005.9
3,2000,30000,200,2004.2
3,2000,30000,200,2016.4
3,2000,30000,200,2015.1
3,2000,30000,200,2013.8
3,2000,30000,200,2010.4
3,2000,30000,200,2009.9
3,2000,30000,200,2011.3
3,2000,30000,200,2008.8
3,2000,30000,200,2009.5
3,2000,30000,200,2014.8
3,2000,30000,200,2015.3
3,2000,30000,200,2010.4
3,2000,30000,200,2018.5
3,2000,30000,200,2023.4
3,2000,30000,200,2033.7
3,2000,30000,200,2027.0
3,2000,30000,200,2013.1
3,2000,30000,200,2013.0
3,2000,30000,200,2011.2
3,2000,30000,200,2017.9
3,2000,30000,200,2020.1
3,2000,30000,200,2026.7
3,2000,30000,200,2027.5
3,2000,30000,200,2032.7
3,2000,30000,200,2022.3
3,2000,30000,200,2017.0
3,2000,30000,200,2014.3
3,2000,30000,200,2013.6
3,2000,30000,200,2013.6
3,2000,30000,200,2024.4
3,2000,30000,200,2036.8
3,2000,30000,200,2033.1
3,2000,30000,200,2032.5
3,2000,30000,200,2024.3
3,2000,30000,200,2032.7
3,2000,30000,200,2041.0
3,2000,30000,200,2045.7
3,2000,30000,200,2043.1
3,2000,30000,200,2022.6
3,2000,30000,200,2019.8
3,2000,30000,200,2028.0
3,2000,30000,200,2021.9
3,2000,30000,200,2021.9
3,2000,30000,200,2029.3
3,2000,30000,200,2041.4
3,2000,30000,200,2033.1
3,2000,30000,200,2023.1
3,2000,30000,200,2025.0
3,2000,30000,200,2019.1
3,2000,30000,200,2016.2
3,2000,30000,200,2028.4
3,2000,30000,200,2031.0
3,2000,30000,200,2028.8
3,2000,30000,200,2026.9
3,2000,30000,200,2022.2
3,2000,30000,200,2044.9
3,2000,30000,200,2068.0
3,2000,30000,200,2066.7
3,2000,30000,200,2068.2
3,2000,30000,200,2036.2
3,2000,30000,200,2032.6
3,2000,30000,200,2031.9
3,2000,30000,200,2031.0
3,2000,30000,200,2025.9
3,2000,30000,200,2047.8
3,2000,30000,200,2042.7
3,2000,30000,200,2037.1
3,2000,30000,200,2065.3
3,2000,30000,200,2054.9
3,2000,30000,200,2072.5
3,2000,30000,200,2054.9
3,2000,30000,200,2054.4
3,2000,30000,200,2054.5
3,2000,30000,200,2029.3
3,2000,30000,200,2020.3
3,2000,30000,200,2023.1
3,2000,30000,200,2042.6
3,2000,30000,200,2055.0
3,2000,30000,200,2073.7
3,2000,30000,200,2081.5
3,2000,30000,200,2073.7
3,2000,30000,200,2064.9
3,2000,30000,200,2063.2
3,2000,30000,200,2025.7
3,2000,30000,200,2026.4
3,2000,30000,200,2032.4
3,2000,30000,200,2026.3
3,2000,30000,200,2027.3
3,2000,30000,200,2030.7
3,2000,30000,200,2037.7
3,2000,30000,200,2031.3
3,2000,30000,200,2036.9
3,2000,30000,200,2044.5
3,2000,30000,200,2030.4
3,2000,30000,200,2021.5
3,2000,30000,200,2030.4
3,2000,30000,200,2031.5
3,2000,30000,200,2026.0
3,2000,30000,200,2024.7
3,2000,30000,200,2019.3
3,2000,30000,200,2023.5
3,2000,30000,200,2030.9
3,2000,30000,200,2024.1
